post_id,original_text
bluesky_06489613fbf5ce01,What does it tell you when Maga is more upset that one of theirs got shot while not saying anything about the CO school shooting or the fact that saying killing children is an acceptable loss for 2A?
bluesky_0746a69aa4637823,"What’s with conservative men: telling women they need to have more babies, preventing access to reproductive health, and then making up bullshit to prevent pregnant folks from controlling fevers with safe meds. Reasonable people might think conservative men don’t like women. 🤷🏻‍♀️"
bluesky_0b878b01f62fb5af,"People keep talking about ""uncontrolled immigration"". It's absolute bollocks. There are lots of people with visas, there are asylum seekers, and fuck all ""illegals"".

Immigration is controlled, just not the way some people would like it to be controlled."
bluesky_0ead629adf6906ef,"The entire point behind the 2nd amendment was to ensure the government could never monopolize force to the point that it could subjugate the people.

It is time the people of this country stand their ground."
bluesky_0f4b985592b3441f,"This shit will never end without gun control!

Multiple victims have been injured in a Michigan church shooting, and the church is currently on fire, police say"
bluesky_13e9efba0726a129,"Actions in 2024 and 2025 by the Supreme Court and the Trump administration have impacted women's rights in the areas of healthcare, privacy, and protection from violence."
bluesky_1419396cd3dafae6,"SOOOOOO

in FLA people should have FREEDOM OF THEIR BODIES to decide if they want to be vaccinated. 

BUT ALSO IN FLA that does not APPLY to WOMEN who may need an abortion to FUCKING SURVIVE. 

Square that fucking circle"
bluesky_1479988d0e30c062,"Mitigating anthropogenic climate change isn't ""radical."" Being gay or furry isn't ""extremist."" And I'm sick of the propaganda convincing so many people that they are."
bluesky_16b266b6abf2a2fb,"It has been 6 years since the Trump administration was ordered to stop seizing the children of anyone who applied for asylum at the border, and over 1000 of those children have never been reunited with their families. They probably never will be."
bluesky_1841e439549be822,"USAmericans: About Immigrants.

Since your idiotic actions in the Middle-East, after 9/11, Europe has received MILLIONS of refugees from Afghanistan, Iraq, Syria, etc.

We bear the brunt of your stupidity.
So, stop being idiots.

Signed, ROW."
bluesky_18529e897a54fd97,"At two DFL events over the weekend, U.S. Senate candidate Angie Craig said in her speech ‘we as democrats oppose taking away due process from undocumented immigrants.’

She voted for the Laken Riley Act, which does precisely that. 

I’m watching your votes, not your quotes, Angie. For shame."
bluesky_1a54bc5d45d2edb9,"Violet Affleck is to the Covid movement what Greta Thunberg is to climate. Both represent the next generation, are articulate, focused, & grounded in science. That scares people. And there's a gendered aspect to all the vitriol they face"
bluesky_1f25570a7da2090f,"I do find the specific liberal insistence that ICE raids wouldn’t be a thing if Harris had won, given that she literally campaigned on having tougher border and immigration policies than Trump"
bluesky_23d206b34882a34b,"The new LRB essay on the manosphere is okay but leaves out the real world ramifications of the backlash against women, namely abortion bans and the mass dismissal of (esp. Black) women from the workforce. The rolling back of VAWA. Sorry, I'm just not that interested in what makes Elliot Rogers tick."
bluesky_27055a978c249d77,"I will not buy a gun despite all this although I'm a good shot and enjoy shooting targets. I could get a BB gun but fuck that.

Guns are NOT the answer despite what's about to be rammed down our throats by the NRA.

Engage with people slow and steady my friends.  Change minds with a soft voice now."
bluesky_2744730f756f0436,"fufugh i feel sick for uterus havers, esp transmascs, who dont have access to abortion
like Fuck the idea of a Human Growing Inside Of You Against Your Will is just fucking mortifying
like a parasite everyone tells you you're suppose to love and want before it even has the capacity for personhood???"
bluesky_2c128d225558cb4f,"The move towards political violence started in August, 2016 when Trump suggested there is ""nothing"" that can be done to stop Hillary Clinton's Supreme Court picks, except ""maybe"" the ""Second Amendment people.""
His words may walk the line but Trump’s meaning was absolutely clear."
bluesky_2d15d8be45f11c66,Guestion: Do you think MAGA only cares about the 2nd amendment? Screw the rest. How long do you think it will take this administration to take that one too?
bluesky_2d44747cb3c15640,"This is your daily reminder that climate change is real, Tylenol is safe, God doesn’t love Christian Americans more than anyone else and science deals in facts not falsehoods. ✌🏻"
bluesky_30c3ba2d52543594,"15 mass shooting (defined when 4+ are shot) in September alone. Not sure if that includes Michigan. Fuck knows how many others were shot in ""non-mass"" incidents. So at least 60 people have paid the ultimate price to safeguard the 2nd ammendment. Do the gun loving fuckers appreciate their sacrifice?"
bluesky_32ade1de5d848c69,"""Strident"" and ""increasingly strident"" and ""stridently"" are how the U.S. Energy Secretary just described climate change scientists. As in, the real problem about climate change is the increasingly strident experts who keep talking about. So take note, America: the word of the day is ""strident."""
bluesky_33223a1857d3b1b2,"ALL GUN VIOLENCE IS HORRIBLE: Whether it's political violence, school shootings, racial violence, mass shootings, religious violence, or suicide. As a society, we must address it every way possible. Vote out enablers of violence and gun  violence. Tone down hatred."
bluesky_347b273f1284af83,"Since it's been a bit, in this house:

Free Palestine.
ACAB. Defund and abolish.
Trans rights are human rights.
Pro-choice.
Anti-fascism.
Anti-capitalist.
Dismantle & abolish settler-colonialism.
Give the land & everything else back.

& as Dad said at the end of every gig:

Take care of each other."
bluesky_36a02fb92081a21a,"Speaking at the UN, Trump made a fool of himself by saying that climate change is not happening. Stillness was the GOP response"
bluesky_3733867a6311bc97,"DeSantis wants to get rid of ALL child vaccine mandates. His Surgeon General calls the mandates 'immoral' & 'akin to slavery.' ""People have a right to make their own informed decisions. They don't have the right to tell you what to put in your body."" Sounds like what the pro-choice people are saying"
bluesky_39e365aa642ffb8d,"Graham Platner (D - ME);

“opposition doesn’t reopen hospitals.

Weak condemnations do not bring back Roe v. Wade. 

A performative politics that enables the destruction to our way of life is disqualifying for the role as United States senator.”"
bluesky_3afe7e1da2702813,"Turning a blind eye to climate change is poor military strategy. Battles over natural resources have already taken place, and there are more to come. Severe weather and changes to landscapes are important. Only a foolish leader would ignore climate, and is setting themselves up for failure."
bluesky_3ba4421f8f2609c2,BREAKING: Trump announces a reckless and disturbing $625 MILLION scheme to revive DIRTY COAL — literally dragging America back into the 19th century while China speeds ahead toward the clean-energy future. All to protect the profits of Big Oil and his fossil fuel cronies as the world burns.
bluesky_3c9581d72d89de0f,"It's interesting how the liberal stance on abortions (they should be safe, rare, and legal with an emphasis on rare) ultimately did nothing to protect abortion rights yet trans people are expected to accept their policy stances that limit healthcare for children and adults as ""protecting"" us?"
bluesky_3d6fae27146b0c6a,"You know who benefits from FBI being assigned to help ICE and US Attorneys resigning? 

Sex traffickers, drug dealers, extortionists—et al."
bluesky_42d4ebbb11c4b76d,"the temperature cools and suddenly I feel like running and dancing and screaming into the void about everything again.
fuck summer and fuck climate change and fuck everyone who wants queer people to cease existing."
bluesky_435cc5276d6645b9,why is climate change still a debate ??? lmao yall americans fucked ya selfs letting that be something our representatives openly support while taking lobbying cash from oil monopolies
bluesky_442297dfe9cf1f4f,"In what state, seriously, are you running a pro life Democrat post-Dobbs? Your plan on polarization is to…surrender on one of your 70/30 issues? Why not come out against taxing the rich and social security?"
bluesky_44d6d4a0ddee7145,"ICYMI - 2023's safest city in the US had a mass shooting yesterday.

One person is dead and several injured in Nashua, NH. A suspect is in custody.

When it's the safest city in the US facing gun violence there is only one conclusion you can make - IT'S THE GUNS."
bluesky_45015bfeefea9360,"Corporations have laid off tens of thousands of American workers.

At the same time, these corporations are filing thousands of visa applications for foreign workers, who are often exploited and underpaid.

We need to protect workers and reform this system.

Sen. Grassley and I are investigating."
bluesky_450f5d6d322054b8,"FACT: undocumented immigrants are/would be ineligible for ACA subsidies and most federal programs like Medicaid.

Republicans are flat-out lying to escape culpability for controlling the presidency/Congress and having the government shut down in their watch.

This is what you wanted, MAGA voters."
bluesky_455a0a72e9fd95d7,"Re the rollback of women’s rights: I read endless comments that say, “the handmaidens tale” and then nothing else. 
Is that where you all stop? It’s sort of said in a way that is almost like a chant or incantation at this point. 

Get creative & get free. This is not a TV show, this is your life."
bluesky_4607daec223b8614,"A silver lining? 

At least with the Federal Government shut down ICE agents are not going to get pay checks. Of course they will still happily work for free since that is who they are. But still."
bluesky_47c94f7baa0e1554,"I know this sites fave topic is the states but lets talk about climate change for a sec. We are not going to make it. Not enough nations have done enough to save us mostly due to oil barons paying social media ""influencers"" to convince people world wide that climate change is not real."
bluesky_4814e308cfd12cfb,"They took away our passports. 

They’re talking about taking away our rights to own a gun. 

They’re spreading unhinged conspiracy theories about us. 

It’s clear the far right in this country is gearing up to do something horrible to trans people. 

Wake up people."
bluesky_48368257b5f000af,"There are groups in America that are terroristic in nature but, you don't hear from them right now because they are busy terrorizing migrants, wearing masks and carrying guns. They just call them ICE these days. We know them as Proud Boys, Oath Keepers and NAGA. Do the background checks."
bluesky_48a277693c298f7a,"I'm a green card holder about to apply for citizenship.
I'm prepared to be deported for my belief that America should be free and fair.
I could pretend to be MAGA and pass Trump's loyalty test but if I did that I wouldn't become a citizen in the America that I love."
bluesky_4de7294450a16c62,Seeing pressure on H1-B visa holders sucks but I really wish there was a counter narrative about H1-B visa abuse *by capital*. Somehow all problems can only be solved by destroying the most vulnerable people involved.
bluesky_536e471273feec8f,"Conservatives aren't against gun control.  They are against GUN SAFETY, wittingly or unwittingly.

When we can't even get universal background checks that's just a fact."
bluesky_5375329583e6b739,"All these (white) women are furious about the total abortion ban making its way thru the statehouse (it’s a crazy bill that goes wayyyy beyond abortion really), TELL YOUR FRIENDS TO NOT VOTE FOR TRUMP AND HIS IDIOT FOLLOWERS"
bluesky_57db11f14c9bdeee,I’ve been thinking a lot about why the right is so affected by THIS instance of gun violence but the rest is just noise (at best) to them. Is there another case since Reagan where the victim was someone the right all either literally or parasocially knew?
bluesky_58155ac214c65a8a,"I like AI. I don't like its carbon footprint but more renewables & that aspect could be sorted. Or I dunno, maybe getting rid of coal mines & coal/gas power stations would make a difference to EVERYTHING. Painting (lol) AI as evil when it's often ppl who can afford artists who are? ..."
bluesky_58967e3b6a5e866e,"This CDLs issue is a disaster waiting to happen.

Immigration status has nothing to do with being a safe, qualified driver or not.

Meeting requirements to get the license is an even standard, but that doesn't mean they can be pushed to drive too long without rest."
bluesky_5a5ff3ebfaf808ad,"Good night lovely blue sky people. I pray:
the Epstein Files are Released 
We put an end to Gun Violence 
And Maga movement is ended
May Nepal be an example"
bluesky_5f3e1a1fbdc47dbe,"De Santis eliminating mandatory vaccines to school children because «they can’t impose it» to their parents, «their body, their beliefs». But it’s ok for De Santis to decide if the same parents wants an abortion. That’s MAGA logic"
bluesky_5fc8b2cae26b4d32,"Random thought:

Instead of various registries for different disabilities…we need a public gun registry with all the guns each person owns

Second amendment gives you the right & the rest of us deserve to know who"
bluesky_6017592c0e6a9f75,"This White House has openly built a private army, paying them off the backs of corporations, strong armed into paying ransoms and US economy weakening tariffs. He’s built a private army that rivals our own military. ICE is growing more violent and less selective in choosing violent illegals."
bluesky_61fe06ddc6c3cff3,"He's so dumb. He just confused ""global warming"" with ""global cooling"". While he tells the UN how he knows everything. Foh."
bluesky_6227c02b4dcff9be,The abortion pill is safe. But why should Trump let facts get in the way of his agenda?  | Moira Donegan
bluesky_635b657a4581225e,"petition to start calling specific talking points like ""abortion is bad"", ""gay people shouldn't get married"", and ""trans people shouldn't be allowed in sports"" reactionary instead of conservative (its both but reactionary is the better word imo)"
bluesky_64d21917fc45096d,"I read that as civilian Americans, we own over 200 million guns.  When will the second amendment shoot itself in the face."
bluesky_64eae452a5a19cfb,"Three days of pretending to respect Trump with parades, gold carriages and whatnot. 
And all we've learned is that, as he revealed in his press conference, he still thinks asylum seekers are people from lunatic asylums. 
He might actually be more stupid than the idiots who vote for him."
bluesky_6855d8258a8832e7,Only just hearing about the ICE raid on 500 Korean workers in Georgia. Jesus fucking christ. SK has in response become unified for their hatred of the US and they’re right to be
bluesky_6ab3016e3310a37c,"I just saw the most grotesque commercial for ICE pandering to fears of “illegals walking free” in sanctuary cities specifically, and promising huge bonuses and student loan forgiveness as lures. They’re actually running commercials against dem cities to build up their goon squads. So very sick."
bluesky_6bb0e1e3acfa35c6,"Everyone is willing to talk about the challenges of climate change,the devastations around the world. The earth is overpopulated, a great stressor for our planet. Liberated & emancipated women in democracies do not have to endure a religious diktat prohibiting birth control ! It's now in the US."
bluesky_6f002a9ff11c7582,I miss the days when 'editorial balance' meant making sure that if someone didn't like bollards or 20mph zones you also talked to someone who did. Not platforming fucknuts who think vaccines make you gay or that climate change is imaginary or some shit.
bluesky_7010c233cf50449b,"Sometimes posts start with ""I don't know who needs to hear this"", but everyone needs to hear this. There is no debate about man made climate change, we can literally measure it with satellites right down to the specific wavelengths that are being absorbed by GHG's."
bluesky_705696333c08b5c3,"During Trump’s first term, the nation endured its longest-ever shutdown, 35 days, over his demands for funding to his promised border wall.

He and his Congressional enablers should remember that his presidency and his party's electoral chances went straight downhill from that day forward.

Cheers."
bluesky_7354727bf9703b80,"Regarding undocumented immigrants receiving healthcare: Trump either doesn’t understand that they are already ineligible and therefore doesn’t understand the situation, or more likely, he does know that fact and is just a racist asshole. Neither scenario is acceptable from the president."
bluesky_7388a1e741ee6e91,"Being financially reliant on someone sucks shit. 

I want to be able to afford my own groceries, and my own period products and my own books and my own clothes and my own healthcare.

It's just another way that undocumented immigrants are dehumanized, because getting a job takes time after the fact."
bluesky_74e09d219d6d9f61,"In shocking news, we once again confirm that most gun violence is perpetrated by young cisgender white men. Moreover, young white men who lean into extremism surrounding identity and sexuality."
bluesky_77a9f046a71f6c5d,"So, the shootings in Grand Blanc and North Carolina nullifies the stupid-ass MAGA distraction argument of “transgender-gone-wild” as mass shooters.
Yep, angry white MAGA man regains the spot. 
BAN Assault Weapons NOW!!"
bluesky_782a1b5262698c79,"At this point anyone who denies climate change is either a straight up liar, an idiot, or just willfully ignorant."
bluesky_787da238eb83a5e2,"Hey AI researchers and startups, I don't want humanoid thinking robots. I want cancer to stop, global warming and microplastic polution solved and dogs to live longer and age slower. Get your priorities right!"
bluesky_79594eeab597a220,Trump has never understood even the mathematics a 5 year old can. For this reason alone he will screw America and all of it's businesses because he does not understand why the US needs to import skilled tech workers (it's because the US population is too small to produce enough) hence the H1B visa!
bluesky_79b16d7977e11bfb,"But Big tent politics means they don't actually hold the line 

They just throw the f****** door open and say come on in conservatives there's always room for you.

Will make you fabled pro-life democrats. 

Fuck me!"
bluesky_79e90d970b44a93a,"If it were actually about religion, abortion is the best for the fetal soul as it is innocent and in a state of grace until born, so not only are they killing the mothers but they are taking heaven away from the unborn."
bluesky_7a51b338e86674fb,Censoring comedians is a dangerous attack on free speech but so is censoring science on climate and vaccines - and the consequences are going to get a lot of us killed.
bluesky_7b742aff640e4fdf,"In 2025, the US government is the terrorist organization, FFS.

Each year in USA, nearly 3,000 children die to gun violence, and not a f'ing word from the right wing radical extremists, but one POS social media personality, and it's f'ing gestapo time. What a bunch of hypocritical bullshit."
bluesky_7cb9486071d3fe12,Hypothesis: we can get people to take climate change preparation more seriously if we rephrase it as Godzilla Prevention and Preparation.
bluesky_7f674465e6bc5e98,"""If we want everything to remain as it is, everything must change."" - (The Leopard) Giuseppe Tomasi di Lampedusa

A pretty good quote that captures climate change and nimbyism
The status quo is unsustainable, and the only way to make it function is to radically change how the world works"
bluesky_83c6f868ee3f8e2c,This administration and its mass deportation policy will be written about in the years to come and it won’t be pretty!!!
bluesky_83cfbba3047a1a90,"Everyone seems to scream “Kill Big Brother” … until it’s their big brother, being Big Brother. And then they kiss his ass.

Tread on everyone else, but not me. 

Gun related deaths are an important aspect of a pro second amendment society. Well, unless it is my death.￼

Fakes."
bluesky_85c413b7552b5beb,"Where are the 2nd Amendment guys now that the tyrannical government they feared is now in our cities? Don't Tread On Me, my ass."
bluesky_8801703a94854d8d,"Say all the bad things you want about the Chinese, at least the understand both the efficiency and the beneficial aspects of renewable energy. Something so basic, yet elusive for the money worshipping leadership in America."
bluesky_889d90f4fe9f33c9,"It’s gaslighting when Trump blames Democrats for gun violence. Dems support gun reform & do not storm the Capitol when we lose an election. Democrats govern competently. We believe in process, not violence. Massive passive resistance is necessary now because Trump violates our fundamental rights."
bluesky_8a7cdbbe646fbf67,"“Don’t you feel bad for his kids at least”

No I don’t. Especially not his daughter. Who he repeatedly said shouldn’t be able to have an abortion even if she was raped"
bluesky_8b86cf1253c432de,"I'm against people being anti-abortion. That means I believe people should not be able to impede (and that I support) those getting them, or I wouldn't have feelings about people being against it. Being against people being anti-something means you stand by said thing.

This post is about fascism."
bluesky_8ca7b4e58fc6c523,"As a father, husband, and advocate, I believe reproductive care is essential for strong families and communities. This isn’t about politics - it’s about health and dignity."
bluesky_8caf913ecbb474cc,Trump  is sitting  up here  insulting  different  countries.  This man is talking  like  a complete  idiot.  Half of what he's  saying  doesn't   make sense.  He sounds  like a old man that's  just rambling. Calling climate  change  a green scam. Trump  has lost his mind. People thinking  he's crazy
bluesky_8cbe7f7c8ca1fc22,"While many are focused on acetaminophen intake in pregnancy...

Mass shootings will continue to be inevitable in a country where politicians are owned by the NRA and we've chosen gun rights over the freedom of our children to go to school without risk of being shot."
bluesky_8e2f248e25e0f061,"GUN VIOLENCE IS SLAPPING EVERY AMERICAN 🇺🇸 IN THE FREAKING  FACE !!!!! 

DO SOMETHING YOU MAGA MORONS!!!!!!!!!"
bluesky_8e6b77f7c993a473,When will America politicians have the courage to challenge the 2nd Amendment? Trump certainly won’t do anything to stop the killings.
bluesky_8e893784d47c9458,World leaders have all fucked up on climate change so bad they know things are going to be scarce soon so instead of doing anything they’re picking fascism so they can just eliminate “excess” populations they deem unworthy.
bluesky_8f271404ed751410,They know how batteries work. They’re destroying clean energy because it threatens their wealth. Billions of dollars of oil and gas futures disappear if we actually switch to renewables.
bluesky_9162cf9342802f84,"Fascists are out in droves and I cannot find a crime comment section that doesn't involve idiots shouting ""DEPORT THEM"" or ""ITS ANOTHER MIGRANT"". Even when the perpetrator is a dude named Tristan from Oxfordshire. What the fuck is wrong with people now?"
bluesky_95b7ed29722a7de0,You can't be Pro-life at just the womb. You need to be Pro-feed them. Pro-house them. Pro-educate them. Pro-protect them from pedophiles and the unvaccinated.
bluesky_966f0b923175d86a,"Cable news and most papers are PRETENDING that the GOP needs to be MADE AWARE of the pain associated with the cuts. STOP NORMALIZING. The cuts are the focus of the new GOP: eliminate the supportive functions of government and bolster only big business, national defense, and immigration."
bluesky_969bdfec787b9de1,"Fundamentally sucks ass that ""baby killer"" got appropriated from a great term for the communist left to insult Vietnam vet freaks with to ""anyone associated with thinking reproductive rights are good"" by the right. We need to reclaim it."
bluesky_97257f49d68790e2,"Approx. 1 million out of 5 million pregnancies end in miscarriage every yr in America. D/t Trump’s abortion ban, women/girls are dying from miscarriages. MAGA looked at women/girls forced to carry dead fetuses & girls impregnated by rape and voted for him anyway. 

All to stick it to the libs."
bluesky_987f49dca0840e07,Republicans added a line into their trillion $$$ defense bill.  The line allows drunkin' Hegseth to allow for mercenary forces to patrol our Southern border.  These GOPers are sick fucks.
bluesky_98b28932b90d13d8,"Meant to post this yesterday but the anti-immigration protests are every bit as absurd in England as they are in the US.

The white dudes with the same ass haircut are happy to root on players from the football clubs, largely immigrants, but want to hate them at the same time.

Impressively stupid."
bluesky_9c07b045183450d0,"Jenn Budd was a Border Patrol agent for 6 years but quit after she realized the system was being corrupted.
She’s is now a whistle blower, exposing the racism, sexism, and violence which is at the core of Border Patrol.
The motto “Honor First” is a lie!"
bluesky_9fbe8e66646bc2fa,"In the Bible, women are the property of men. Says so in the Ten Commandments. But Genesis has ""life starts at first breath"", which can be read as ""at birth"", but there's a nuance. Also, Numbers has a formula to induce an abortion. Women are protected from still births. ProLife is anti-Bible."
bluesky_a01f5a25513ce6af,"You suck, Texas MAGA morons!!

Texas Senate approves “bounty-hunting” abortion-pill bill - The Dallas Morning News"
bluesky_a18e7dbf48e84c5b,At this point Republicans in the House and Senate need to be asked what parts of the Constitution they will uphold. Is the Constitution a cut and paste document? What do they stand for? Just the 2nd Amendment? Are they giving up their power to the president so they don't have to work to earn money?
bluesky_a29295867a51a0a4,"NO man should talk about women’s right to choose till they get raped, made to have a child and give birth! Until that day comes, keep your micro penis comments to yourself🖕🏽🖕🏽🖕🏽"
bluesky_a40af6320816efbe,"Going out of your way to run “pro-life” Democrats for Congress, if it “works,” sets you up for two years of daily abortion-centered motions to recommit and discharge petitions that will paralyze the rest of your agenda."
bluesky_a570390d8537896e,Is the Republican brand now ‘your children are expendable’ or am I misinterpreting that? For the 2nd amendment?    That’s a raw deal. Ask anyone who’s lost a child.
bluesky_a5ddfd926b2149cc,"AOC said it best: “I don't think a single person who has dedicated their entire career to preventing gun safety legislation from getting passed in this house has any right to blame anybody else but themselves for what is happening."""
bluesky_ac707f13d7de7f80,"I'm a pacifist & an atheist. I abhor guns and violence. A gun nut tried to gotcha question me by asking if I'd k1ll someone to protect a child.

As if ""no, but I'd shield that kid w/my body & die happy knowing I'd kept them safe"" isn't a perfectly valid answer.

Guns don't stop bullets. Shields do."
bluesky_acc5c9260339d035,"So the GOP rhetoric about ""illegals"" getting healthcare is about reimbursing hospitals for unpaid emergency health services? That's what this comes down to? So the GOP wants people hit by a car to show proof of citizenship before being rendered aid? Wow. Sadistic."
bluesky_adbdab7fb0af0a15,"Every deportation, every detention, every unjust action is a reminder: injustice thrives when we look away."
bluesky_b334d82e7e17f774,"One of the first understandings we must make clear to the public. That is there is but one side that will fight climate change and the GOP Is Not it! Instead they throw their own children's future away to be a lap dog to ""t"". 
What kind of fucked up parent would do that to their own children???"
bluesky_b4501fac21fed20e,"9/23/25: REPUB pres Trump :""turned to another of his priorities: FOSSIL FUELS. “Energy is another area where US is now thriving like never before"" 
“We’re getting rid of the falsely named renewables-If you don’t get away from this green scam, you're going to fail.'"" HCR
Orange SCAM is going to fail."
bluesky_b4bd1a40068322f1,"In light of the horrible deaths of 3 police officers yesterday in Pennsylvania, I'm always surprised that more Law Enforcement Officers and Agencies aren't more vocal or supportive of common-sense gun control."
bluesky_b843d694554737a8,"Nothing stresses me out like warm weather in the fall in Wisconsin. Makes me obsess over climate change.

Then to hear people go on and on about how nice the 70+ degree weather in October is. Dude no, it’s not nice. It’s a symptom of something really bad happening to the planet."
bluesky_bda2410f90c24cf5,"Amy Coney Barrett is to women's rights 

What Ted Bundy was to brunettes

Dont let her have any peace y'all"
bluesky_bdbfa25315007bfc,"A con man calling climate change a con.

Why do we have to keep listening to this stupid motherfucker with an IQ of 3?"
bluesky_c02de2050421cf77,"I love that the magat scum and some super dumb democratic governors have lower their flags for a hate monger, but not for the countless of children slaughtered at the altar of the second amendment.
There is no unity to be found with these types of human cockroaches"
bluesky_c25d54c6e52a0331,Did you really think that the second amendment wouldn’t lead to violence….THATS WHAT ITS FOR DUMB FUCKS
bluesky_c5b077ca00639c81,Explain to me like I’m a five year old. The Florida Surgeon General literally said “you have sovereignty over your body” yet Florida has a six week abortion ban. Which is way before many women even know they  are  preggers
bluesky_c5c9d3484da74e8f,"There was a very recent school mass shooting but not a word from the WH, Congress or agencies responsible for the welfare of our community but they gone Ape 💩 Crazy about the murder of one of their own in MAGA land. How is this logical?"
bluesky_c762a60076700ae5,"I still can't get over the fact that the only mainstream group that came to our defense recently was the fucking NRA

I'm going to actually go insane"
bluesky_c7ab0216095d8023,"I listened to the batshit stupid speeches by Trump & Hegseth about how our military should be only white fascist assholes like them, who don’t believe in climate change, hate diversity, & LOVE hazing.
The generals KNEW they were listening to two dumbasses. 
What a JOKE.
It cost taxpayers MILLION$ 👎🏽"
bluesky_c8803cb6d9c99932,"This is real and irreversible, now.

If you or someone you love is of a vulnerable class such as trans, DACA, undocumented, ect please PLEASE start making arrangements to get to a blue state with a strong National Guard. 

Do it now. The window is closing."
bluesky_c9847adce785fc72,"HOLY CRAP. Called insurance to see if Covid Vaccines are covered for my child & while they are, they were required to read a statement to talk to a DR about what vaccines are right for my child
This is like telling a pregnant woman to explore her options before going through with an abortion. WTAF!"
bluesky_cf1c5a872c789ec6,"The Party of family values. Anti abortion. Pro gun. Pro Genocide. Pro hatred. Pro Sadism. Pro Christian bigot. Anti, any fucking logical thought. They will face the truth. Not their fucking truth. Remember Nuremburg? Nazi schweinhund dicks."
bluesky_d04f26afeab9c6c4,"The Supreme Court has killed the Fourth Amendment for ICE thugs. All people of color are royally fucked! It'll be worse than the Giuliani ""stop and frisk"" days in NYC."
bluesky_d1d027d03d99e777,"Elizabeth Warren “ICE is targeting communities. Agents are sitting outside of churches & schools. Driving unmarked vans & breaking car windows.”

It’s up to our local, city & state officials that are against this illegal invasion to start arresting ICE. They are killing innocent people."
bluesky_d34859fc421a6204,"Right wingers have been crying for decades that democrats have been wanting to take your guns away, and they don't know anything about guns

but the past few days they've been saying democrats are the ones causing the most gun violence.

Something don't add up here now."
bluesky_d3b33ca10f1b5476,"Reproductive rights are no longer a federally constituted right so the country elected him again. 
That seems insane."
bluesky_d8268116ced2b257,"According to DHS statistics, there have allegedly 400K undocumented immigrants deported YTD, another 1.6M that have self-deported, allegedly.

Don't blame those who left on their own but the impact on agriculture, hospitality and construction jobs is significant."
bluesky_d9d830c60fd44ceb,"Imagine what would have happened if a Democrat president, after a blatant act of abortion clinic violence, had gone on national TV to announce that they were declaring ""Anti-Abortion"" a Domestic Terrorist Organization...

THAT'S how stupid this is."
bluesky_dc0161f55983d3df,"I had to sit through 30 years of pretending that Republicans were Serious People with Real Ideas. That their 2A fetish was anything other than that. That ""free enterprise"" was about opportunity. Etc. 

Lies. All of it. Just bullshit."
bluesky_dd82873900981fde,"BOTTOM LINE

Democrats want gun reform.  We don't want anyone gunned down, even ppl we don't agree with

VOTE IN THE MIDTERMS 

We can and will take back the House and remove this sadist from OUR house"
bluesky_ddb2e344209524eb,"I am not for violence at all. That said, haven’t there been a lot more migrant deaths perpetrated by ICE,  both in the community and in custody than ICE employee deaths? Have there been any ICE employee deaths? Again, I don’t support violence, but who is being victimized?"
bluesky_df7e579ccb5d462a,"Cruel Fact
When you have a Govt run by idiots and supported by even bigger idiots who have no idea how much those undocumented immigrants are worth to the American Economy and how much they support US citizens in keeping their jobs then the end result of deportations is Economic collapse. Soon"
bluesky_e38149428d14dde1,"Trump found his epitaph when he called climate change ""the greatest con job ever perpetrated on the world.""
A distillation of who and what he is."
bluesky_e47f4e49ccd66939,"So one white man gets shot and the whole American political world goes into a frenzy, but 100,000 Palestinians are murdered, 1,920 schools in the last decade experience shootings, and maternal mortality rates double in states that limit abortion... and the crowd goes silent??"
bluesky_e6acf4d0dcff0227,"Electric vehicles sales are up 30 percent so far 2025 globally, 

Making fossil fuels redundant

Growth especially strong in Germany, UK, China, S. Africa.

Growth in US only 2 %.

The USA miss out on this 3rd industrial revolution thanks to DJT

Embarrassing, even Malaysia and Sri Lanka are ahead."
bluesky_e6f9e273d8c35073,"So... Now USA are at the Golden Card step... If you are a billionaire, you can pay and have your ""rich-first green card"".
But everyone else [not enough white or english speaking] is persecuted because being not rich is a sin.

Just like a pay-to-win videogame.

Ahh... what a timeline to live in..."
bluesky_e71a02b6e391ab41,"The Supreme Court is no longer a neutral arbiter. It’s a political weapon. In case after case, the conservative majority has ruled in favor of Leo’s donors:
• Gutted the Voting Rights Act, making it harder for minorities to vote
• Overturned Roe v. Wade, stripping reproductive rights from millions"
bluesky_e7fcb6d61144305b,"If we stop using fossil fuels, all the companies that are deeply invested in them will vanish almost overnight. They’re fighting hard to prevent that, aren’t they."
bluesky_e9d5ec07c566ceb4,Ah yes. The administration has decided to slowly kill us all and fire any employee that wants us to survive. Fuck this country. These worthless fucks are trying to remove all funding towards climate change and all truly beneficial programs. At what point do people stand up and stop these neonazis.
bluesky_ea55d3c5a6a9b0b0,it’s interesting what things democrat politico types will decide are and aren’t liable for the Chop. abortion - popular votes show it doing well. but what about race? republicans hate minorities. do more Serious Democrats get more racist? why not?
bluesky_ea8f8a234574dae9,"Ranting that climate change is a hoax in 2025 should block you from getting a job as a Walmart greeter, much less POTUS."
bluesky_eb330edd545f29c4,"Anyone else see the stories about how the Trump regime is going to kill the satellites that track climate change? Harder to restore than staff, I would think."
bluesky_eb4733b9fc9fd7c7,"Going from my room to outside is killer.  From 60/70 degrees to over 100.

I feel like I'm melting and i haven't even stepped foot outside yet just opened the door then immediately had to close it going ""lol no"" because of how fucking bad & bright it is

i hate climate change and global warming x_x"
bluesky_eb838fcdc4cc5767,"CAN SOMEONE PLEASE EXPLAIN TO TRUMP THAT ASYLUM SEEKERS AREN'T FROM MENTAL INSTITUTIONS?

Fuck me the man is thick as a brick"
bluesky_f2c2cc86dc1dc43d,"there are millions of ppl who are losing healthcare rn w no way to get it back for the foreseeable future. that's the ""pro-life party"" for you."
bluesky_f2f4a6aac1589d63,"Conservatives: 
We support King George -- Lost the Revolutionary War
We support slavery -- Lost the Civil War
We support Jim Crow Laws - Lost the Civil Rights War
1964 - We support segregation so we are switching parties to the Republicans
We don't support abortion -Lost 1972
Fuck Gays- Lost 2003"
bluesky_f5ac6c63e0d7892c,"While the USA under Donald Trump continues to rely on oil and gas, China is massively expanding its power in the clean energy sector and securing the future of global industry.
Make America Gone Afterall"
bluesky_f76a53e5a8d04795,Why should I give a fuck about a murder victim's kids when said murder victim found it perfectly acceptable for other peoples' kids to be murdered in order to keep our Second Amendment rights
bluesky_f7c388e9d628b2c2,"I'd like to live in a country where after a fatal shooting the president, his regime spokespeople, and the state media (Fox) would speak out against gun violence and not threaten violent retribution against 49% of the citizens, before having any information about the shooter. Also, now apologize."
bluesky_f98a2f65e7068c60,"What the actual fuck !!!!! 

Another mass shooting ???? 
Yeah trumps words are sure keeping us safe 
Fucking orange cocks*cker"
bluesky_faeb3066f0d31e20,"Are ANY media comparing Trump’s response to the assassination of a Democratic elected legislator and her husband in their home, by a right winger with a hit list of pro choice Democrats ?"
bluesky_fb473fdedbf8683a,"Obviously, it’s not just about sending undocumented or other immigrants back home, it’s about being as cruel as one could be in the process as well. If you don’t want to be called the gestapo,  Homan, stop being the fucking gestapo."
bluesky_fc6487351674b8cd,I have been to two football games en vivo so far and I don’t remember them being this hot is this what climate change is
bluesky_fc95d46894ef6816,"Trump the man who boasts of ending seven wars also complains about a broken escalator at the UN. He scolds Europe, mocks climate science, and brags about hats that say he was right about everything. History will remember less a statesman and more a late-night comic who wandered into diplomacy."
bluesky_fc9bd742c7b2bcd9,"Capital expects reproduction of labour but places no value on it. Disabled, elderly, trans are targets for elimination. Control of women's bodies is the next obvious target. Trans rights are women's rights are human rights"
bluesky_fd228459bace6f67,"Marco Rubio should be ashamed of himself for Trump's display of stupidity in calling global warming a ""con job."" Every U.S. small business owner invested in the manfacturing, sales, and installation of green energy products must be REELING!
Trump's mockery of the carbon footprint was idiotic."
bluesky_fe733b619cab20b1,ICE hunting down anyone with brown skin has made me very paranoid because im close to a lot of people who could be affected here & I don't feel citizenship is a shield anymore
bluesky_fedf590eaf5c6b46,"there are two types of online immigration forums:
- ones that are overrun with racists pretending to be immigrants
- ones where people argue at great length about whether or not God should get credit for you personally getting a green card"
bluesky_ffad69d74fc8d08d,"dumb nazi gets shot while telling students they should just get over gun violence, because some death is good!
republicans everywhere freak the fuck out about one death.
what's that? I thought school shootings were ok 🤔? only when it's a child, is that it?"
reddit_00b86813d94a1818,No shit they cant predict it. They spew all this bs so they can keep milking us for more and more money. Look at California for example they add a tax to the gas all the time in the name of climate change 🤦‍♂️ now how in tf is adding a tax help the climate?
reddit_00d72e260c392090,I couldn't give a shit about foreign countries wanting to abolish my US citizenship and delete the US border.  Get tf over yourself and have the illegals live at your house.
reddit_00df6ffbe71bddee,Illegal immigrants. Are you purposely ignoring what the protest was all about or are you just spreading false information?
reddit_02665ce54166ce27,"I’m not a fan of RGE myself, but you have to realize fossil fuels are cheaper than solar panels or nuclear power plants. You’re going to be paying more if they stop investing in fossil fuels lol."
reddit_030b2a4efe5f2ffd,100k fucking morons all in one place blaming immigration for the government they elected placing their 20th round of austerity
reddit_0319040227245544,"OK, every country in Europe simultaneously decided to embrace mass third world immigration, completely against the will of the vast majority of voters 

If believing that nonsense somehow makes you feel better then go for it I guess"
reddit_037a1fe147958609,"The train of thought I've seen is that the countries 'good will' and fairness in accepting asylum seekers has been abused and taken advantage of, any hope of changing it is doomed to be shot down by the courts so positions have hardened to 'no more'."
reddit_053cdc41e90a00b9,"Yes, the party of ""let's have better gun control to reduce violence"" is definitely the one to fear. Fucking asshat."
reddit_058f2cfdcd62161f,Trump sign on his fence. Clearly another deranged individual with free and easy access to very deadly weapons. This is part of the “ price” of the second amendment. Parents both red blooded MAGA folks.
reddit_05a2814bb247a844,Even in urban Boston it seems the majority of people are full on in favor of cruelty towards immigrants and liberals. It's very depressing
reddit_06c82ad6e3051c3e,You morons need to stop calling immigration enforcement “kidnapping.” Do you call it kidnapping when a rapist or murder is apprehended?
reddit_072cf1efe0647be4,"They were taken to the border with the land of second Republic. 

Now anyone coming here is a guest to the land, hence either one gets assimilated or kept in check or deported. 

Immigration should serve natives - not the other way around."
reddit_07313a35808c8b19,"I would agree with that, imprisonment then deportation is a fair solution in line with what most countries do."
reddit_07dd65c994e78305,"Fuckin exactly lol, she is so fuckin dumb but what a great microcosm for this admin. 2nd Amendment rights for a group of Americans is not a policy decision, it’s a right."
reddit_07edc7dc3846beba,Would be kinda funny if football delays is finally what makes people get serious about climate change
reddit_09031957dd3a83f8,"If you slap a good Christian, they turn the other cheek. Most other groups of people don’t react like that, they fight back. It’s the same reason 99% of mass shootings are in gun free zones, it’s easier when no one can fight back"
reddit_09eb24fee45e7310,"All of the outrage over refugees and immigration has really opened my eyes as to just how many people genuinely believe everything the news and the government say as gospel 

Fucking dimwits man"
reddit_0b00f6c25367400e,"That isn’t conclusive at all and again if fire arms laws actually affected suicides you would have hard data and be able to show it.

The fact that suicides have been largely unaffected by any gun laws changes suggests the change is either tiny or nonexistent"
reddit_0bdc6e028a477022,"So this is god punishing Florida, far left extremists, Disney studios. Obviously anything but climate change. Take your pick."
reddit_0cfca925b8a458f1,"I only support abortion in extreme cases, like when somebody's pregnant and they don't wanna be anymore."
reddit_0e574287a73467e2,"The elites exploit us primarily through migration in which migrants are willing accomplices.

If you do not recognize this, you will remain an useful idiot for the oligarchs."
reddit_0e6eb5b2f9ebaf06,People that want to ban military grade weapons seem to have no idea what the purpose of the 2nd amendment is. How are we supposed to resist tyranny when the tyrants have superior weaponry?
reddit_0ee0b2561c4c7d71,"Dems have always been the party of slavery and that is no different than today when they hold certain groups down and bring in new cheap migrant labor.  In California the illegal migrants are literally living slave lives to rich democrats,"
reddit_10ce5e14cfcbbeed,Albo is now saying that any weather event is due to man made climate change. Any natural disaster. Or just anything like increased prices. It is the ultimate bogeyman for him. He can blame it for anything.
reddit_10f51e3545ad0c2f,"only the worlds strongest economies have to do anything at all about climate change.

best part is we get to pretend we aren't in that group!"
reddit_1147cd79a8712cc1,"Illegal immigrants being treated like indentured servants or slaves is a problem and a diabolical one that can be solved by penalizing and jailing their masters and tormentors, but those people are often rich citizens so I’m not aware of most of them ever facing any consequences."
reddit_12268460c9b929f4,"Gun control is just not something conservatives go to, unlike the leftist brain does. For them, the focus is always on the person that did the crime, not necessarily the tool, whether a rifle, a handgun, a car or a knife."
reddit_12c7b123296edaef,"Think about your math. Black men only make up 7% of the total U.S population. That means, by your own numbers, they are committing 46% of gun violence. 

7% committing 46% of the gun crime. I don’t think guns are the problem."
reddit_13e34ea1beef4e01,"Unless it had no emissions, humanity would more quickly drive ourselves off the climate change cliff.   We can't even manage to cut back on usage when energy isn't free.

And yeah as others said, there'd be some kind of cutthroat mad scramble for control of it, because we are tribal selfish apes."
reddit_13edae0572c117f7,"If they manage to get this in, the next ‘hook’ will be climate change to limit what we can do and what we can spend money on.  It’s a digital open prison."
reddit_15b054d34b5eb427,I believe that the human impact on climate change (either way) is a hoax. Models that are relatively widely accepted show it’s really quite likely we are on the upward cycle of a natural multi thousand year temperature cycle. Which is far different from doom and gloom were all gonna die talk.
reddit_15da0f7c9024aa14,"The second amendment doesn't care who you fuck, it's about being able to shoot cool ass guns.
This dude is over here doesn't believe in freedom.
Thats hella gay, my dude"
reddit_16398c3626eb8f6b,"This just in: when the planet has been raped and pillaged for profit and climate change turns the globe into a barren wasteland, your fancy Nancy pantsy solar panel and windmills will be useless. Take that libruls"
reddit_1642c2a1a37d9325,"Not killing every human is also inherently at odds with stopping climate change. 

That's not an argument."
reddit_1646f9feb77f785a,"Except climate change shit is overblown and not nearly as spooky as the left pretends it is.

The same people telling you we have a climate catastrophe right now are the same people that told you Miami would be under water by 2010."
reddit_1685950860f77e46,"Too lazy and too mouthy, eh?  Two hundred years ago, Jaques Parent would have been a slaver.  Fuck that guy!  I will gladly give up all dairy to see his business fail and for him to fall into the same grinding poverty that he inflicts on his immigrant workers..."
reddit_170fe3436646eee9,"I really don’t get this comment. That’s not snark, it’s literally what the right offers during every mass shooting. The left has all kinds of ideas, but NRA contributions hold legislation at bay."
reddit_186d747ae2ce8f98,This is the green new deal in action. Next they'll fine you for taking long showers. Trumps energy policies saved us from this nightmare.
reddit_18c9e43377db7580,"Why should we accept immigrants who rely on benefits? If you have never paid into the system then why should you be able to take out?

I accept there are plenty of UK citizens who this applies to but that's a different argument."
reddit_194ec760e87206f8,It’s literally the exact same line they use. I can’t tell you how many times I’ve been told I’m part of a “the largest holocaust in history” because I’ve had an abortion and I’m not afraid to be public about my story
reddit_19523a29cfe18a54,"Because people are very quick to call you a Nazi or racist the moment you even slightly criticize immigration in any way, it's kind of hard for a topic to avoid being taboo when attention seekers prevent you from even discussing or debating it like mature adults."
reddit_19f880d62b4869e3,"Right wing and vaguely about liberty? I think it is.
 As long as it's just black people, gays, or women you're protesting, and not foreign genocide or global warming, they're happy for people to go nuts"
reddit_1af5029f0933f8f1,Women should have reporductive rights but abortion is not the means to acheive that. Women should be able to opt out of motherhood but through methods like adoption. I don't think every women is meant to be a mom but that doesnt entail killing life
reddit_1b668a360213566e,"You've got to watch out for that woke geography. I bet he teaches crazy stuff like ""climate change is real"" and ""the earth is round"". Truly indoctrinating the youth."
reddit_1b9e6f8509f0cd96,"My wife is an immigrant (31 years in the US, 20 years or so as a citizen), and there’s realistic fear she’ll be picked up by ICE enforcers. When she goes to visit friends in Poland, we make plans and provisions in case she doesn’t make it home."
reddit_1bb975d80d80190b,"Pro abortion. 
Pro lgbt
Pro child sterilization 
Pro body mutilation 


They stand against everything good and godly."
reddit_1c3633664de12641,"I'm glad this was a state where this was illegal. In many states, brandishing a firearm without cause (castle doctrine, etc.) is a felony. 

Fuck that guy. Dude was looking for a reason."
reddit_1f8f00a529f05b63,"What's with the US and this kind of conspiracy thinking? 

There's an over 99% consensus on human caused climate change. 

It's absolute idiocy to deny it at this point."
reddit_1faf3dd10393a727,"Climate change is the biggest threat we face and the flagshaggers couldn't give less of a shit (if they even believe it).

They don't care about ""are kids"" they only care about hating black people."
reddit_1fc6c8e1af148f9a,"A lot of the subs like immigration, greencard, uscis etc etc have been infested with maga bots and ""I'm one of the good one"" immigrants who think they'll be accepted by the people that hate them."
reddit_20608126fdb8ea4e,Youre an idiot.  We still follow the fuckong law.  For the party always complaining we need common sense gun control you fuckers sure love to dismiss gun crimes for other agendas.  Oh this isnt bad we shouldn't care.  Bro fuck off this is exactly why conservatives dont tale democrats seriously.
reddit_20db6e6883fddc89,"No, it's never possible to have no moral responsibility for an act you chose to commit.  If you were under pressure, that can mitigate responsibility, but it doesn't take it away completely.  Consenting to abortion is always a grave sin and it needs to be confessed."
reddit_20f7e9b5fc3a7af0,Leftist agitators aren't out there plotting acts of terror. They're organizing protests. These two were the same sort of younger white male losers as we always see committing these mass shootings.
reddit_21048350320b9b51,"I think the shooter agreed with his politics…. Especially the part where he said, “It’s worth to have a cost of, unfortunately, some gun deaths every single year so that we can have the Second Amendment”"
reddit_21dfd58131f9c9c6,"That's when you need to be disciplined and trained. 

Look, I know people are downvoting me. But I support the second amendment, especially when fascism is here in America. The lady in the photo is probably a nut job, but open carry should be in every state."
reddit_22006cf294854f91,"Yeah the common sense gun laws is to ban leftists from owning guns, and to give out free guns to the right. Both sides have shooters but the left far more."
reddit_223d42668ca6c83d,Surely it would be cheaper to plough money into climate change that debunks the theory of anthropocene climate change and carry on drilling for oil and gas?
reddit_224463cc7bc5d619,"They burned down immigrant businesses also. And attacked minorities if they didn’t chant what they chanted.

The liberal hive mind is a real thing.

I would encourage everyone to look up AntifaWatch online and submit any commie terrorists there to catalog these freaks."
reddit_227442a0e792cb4e,"Every time someone says that abortion is an individual right, I get a little less sympathetic to the concept of individual rights"
reddit_2277b57eae125e5e,"Christians only see abortion as murder. Christians do not have alterior motives in banning abortion. Those who call themselves Christians but have alterior motives, are not actually Christians."
reddit_227ea4a2f53753b6,"Don't strawman me.

I am not pro-suicide, I am pro-choice. There is a big fucking difference and acting like I want everyone to neck themselves gets people nowhere."
reddit_22ec5a311dee231a,"her body is the one carrying the child. shes also entering the second trimester, which makes it significantly harder to get an abortion anyways. i would somewhat agree with you if her own parents weren't being supportive, but they are. the baby will be fine."
reddit_24a0d7feaaa30684,Abortion isn’t a Christian value. It’s murder of God’s creation in the womb. We should never support the act but you can support the sinner.
reddit_25d61b5002797d46,"You are disgraceful and disgusting.
I can’t believe a family with a 2 year old is in favor of abortion.
If it was OP- your kid could be dead right now.

Honestly, you are badass enough to have sex, then be badass enough to grow up and take care of your child and responsibilities!"
reddit_268e3382778973c4,"Pro-life, with Rape, Incest and Health safety being the exceptions.

If you have sex without protection, that’s your fault. Even having sex with protection, there’s the chance it doesn’t work, and it still falls upon your choices."
reddit_27b9715a91b09c4a,"They do, unless you can produce evidence they don't! 

Climate change, well I don't believe tax payers should be stolen from by the billions to drop earth temperature 1/2 a degree. 

Liberalism is a mental disorder!"
reddit_2835743efd9c461e,I love this company.  They are probably the single manufacturer pushing back against gun laws more than any other.
reddit_28713e8a0f1e3432,"OK, so if we use your theory that there are more guns out there in circulation, so it’s easier for a criminal to get a gun when we do this gun control that you speak of all the criminals just gonna hand over their guns and say sorry I’m not allowed to have this"
reddit_289172c46bb030d7,How is it their fault the politicians refused to stop mass immigration despite the public’s mandate?
reddit_290dee6daf9a9408,"Just further illustrates the point that doing away with the second amendment is only going to remove guns from law abiding citizens and not criminals and those ignoring the laws already, doesn’t it?"
reddit_292e04cc899bf4d5,"And you've just doubled down on your stupidity. Amazing. We put imprison criminals. We put the in these places called prisons, that's where the term imprisoned comes from. We detain illegal immigrants, we put them in these places called detention centers. The clue is in the name."
reddit_29e6e720e8856761,"they are NOT undocumented immigrants, they are aliens here illegally, and the only path they need is one that goes straight to the border with the door slammed on their ass on the way out"
reddit_2a3397f368f0f568,"Socialist communists? 

You think socialism and communism are the same? Or are you spewing your right wing talking points. Gun violence is prevalent because your side is full of cowards and idiots."
reddit_2a5ca88126575ea1,"And his reasoning makes sense. While I don’t agree with it, I understand how he gets to that conclusion. Abortion is an evil. One evil isn’t fixed by another evil."
reddit_2a7bfa6cf15e3024,"By that logic WHITE MALES shouldn't have guns at all since the culprits of mass shootings tend to consistently be White Males.

That's not gonna happen, though, because they aren't a minority you can just marginalize into extinction.

God, I hate these assholes."
reddit_2ab6351a693b39ef,"Why do the places in the US with the strictest gun laws have the highest incidence of gun crime? Schools are gun free zones; why are there school shootings? 

We don’t have a gun problem. We have a mental health and criminal/societal problem."
reddit_2af584e087025927,"So I should’ve changed my entire vote just because I’m for abortion? You said my vote goes into every policy. Yes, that’s exactly why I voted republican."
reddit_2b783fd9e0bd9c77,"Isn't murder also legal in your amazing 'murica? When a whore goes to get her 6th abortion this week cuz she can't keep her legs crossed and doesn't use condom cuz she ""likes it raw"" retarded country fucking america tfu I wouldn't even take a piss on this shithole"
reddit_2c1e0ad2b123e4da,"Does any side talk about the fucking environment?  Climate change, tons.  But actual saving the forests and oxygen shit?"
reddit_2c6ec9ec2db591ab,"1. Plant a trillion trees. 

2. Get the moron out of power and let renewables take over.

3. Electrify transport and heating

4. Let a carbon tax of $100 a ton fund enhanced weathering and similar technologies take up a few billion tons of CO2 a year"
reddit_2d2fb218b2086000,If it really was a tyrannical government then that would be more reason to support the 2nd amendment rather than put more limits on it.
reddit_2d4ce3793459222b,Man they don’t care about gun rights. In one breath they will claim their a fascist take over of the federal government and in the next will try to ban whatever firearms you have left. It’s all bullshit.
reddit_2d4df1fda620613b,"I’m referring to the effort to remove birth control completely and I don’t support abortion as a support for birth control since it involves surgery.  One mistake, maybe but multiple  ambitions, no."
reddit_2e798914a6047512,"Disgusting shit, he is allowed to have that gun on his dashboard, if you can't handle people carrying guns in an open carry state then you should not be allowed to be a cop in that state."
reddit_2f4c43a4e733059b,"No they aren’t. Communists don’t want private individuals investing in clean energy, better batteries or any other technology necessary to head off climate change. 

The USSR was an ecological catastrophe."
reddit_31969ec4941447c6,Don't be nieve enough to believe that the anti-American leftist infestation & the globalist NWO doesn't use guns to kill people 100% for their own anti-American anti-gun anti-2nd Amendment agenda.
reddit_32074b5528110316,Not hard to see how these dumbfucks don't understand the science behind climate change when they also don't understand how seasons and rain works either.
reddit_3210f0cb78aace74,"You’re actively putting federal agents in potential trouble by showing locations on a public app.

Remember, these are not citizens and people that came here ILLEGALLY, KNOWINGLY. We want legal immigration, not illegal. Bye bye."
reddit_338fd9e2bea7183c,"If you think something is evil, then consider applying for a torturer job in the medieval Catholic Church or maybe the KGB.  You've lost the plot.

Yes, most people believe in exceptions for abortion in the case of rape and incest; that does not make someone evil."
reddit_33d86cddbe160c94,"The whole world realizes that climate change is real and that global warming is man-made. History will make fools of them, if humanity survives"
reddit_34dd4e9a9a288820,Common fucking sense only cult members like you are trying to spin a conservative anti abortion evangelical as a leftist because they have a government job.
reddit_352c3dc5eb1e287a,"The National Guard in cities and the immigration crackdown are both widely disapproved of, they shouldve been the thing"
reddit_3537ffd0c94db8db,"Reddit banned me for hate speech because I said we need to cut immigration to 0 and remove excess above normal for who did come here the past 5 years. (Canada. We went from 200k to 1.5 million immigrant population increase per year under Trudeau) 


That's Nazi rhetoric apparently."
reddit_368c68e75b578c19,Trans is a mental illness and people with such an illness should not own a firearm. Per the federal and state paperwork needed to legally buy a firearm.
reddit_36aae69aa3107a06,"Illegal migrants are being paid cash in hand because for some dumb reason we don’t let them pay taxes, the employers aren’t checking their status because they know the person they’re paying a slave wage to doesn’t have the right to work here."
reddit_36eb4c398773b55b,Wait we are?!? Thanks for pointing that out!! Then never mind what is going on in Europe and how numerous countries are protesting immigration laws and taking their countries back because their values and traditions were being threatened by immigrants..
reddit_37a972e4243cb9e9,"In today's day and age in multiple countries, immigrants are not being treated fairly and are scared."
reddit_380ca2cfc6854d51,"Where is he hating immigrants?

His comment is purely about the system. 

Do you really want people taking out their hatred of the system on real people or would you rather they stick to criticism g a system and wanting the government to fix it?"
reddit_382315034c52c0b8,"That’s a selective view ..// immigrants boost host countries, but their home countries struggles come from history, resources, and systemic issues, not the people leaving"
reddit_389a9defd85794b6,"Even if we factor out climate change, shifting to a broader energy portfolio will only be a net benefit to the average Joe as companies compete with new energy providers. It really only benefits the oil execs and the fact that people eat their lies and propaganda is just so sad."
reddit_38db603135a0aa8e,"I thought empathy was a sin.
I thought a few deaths every year were worth the freedom your second amendment gives you."
reddit_38fddda8e3274aaf,"That's where immigration comes in, government will just keep flooding the cities as they keep focusing on short to mid term game vs long"
reddit_39397e1e06682050,Don’t start with me when you’re an abortion zealot. 1000x more kids die from abortion than from school shootings. Quit your bullshit.
reddit_39524202c2b28763,Bowen is running around claiming the science shows ignoring climate change will result in Doomsday. What a tool.
reddit_39f4ee9599c9802a,"Watching the live speech where he’s right now just going full “climate change is a hoax”

Fuck sake."
reddit_3a7688064724b9b0,"You dipshits keep saying this like it’s some kind of zinger and I’ll keep reminding you that the 2nd amendment is your right too. 

It’s amazing how they actually managed to get American democrats to self disarm, and some of them even take pride in it. 

Absolutely surreal. You’re a dumbass"
reddit_3a76bcdc0a958ef7,Yeah now you’re just coping. Blue states literally have more illegal immigrants so why wouldn’t ICE go to these states? It’s really that simple. People like you just like blaming Trump because it’s easier than facing reality.
reddit_3a96ce40a42e5567,"Yes, abortion is worse than the holocaust. There are 40+ million abortions globally every year, this is insane."
reddit_3b448212deb4ac29,"So if you want harsher gun restrictions, you need to repeal the second Amendment. That is the only acceptable way to go through that process. So until you do that you can't pass anything restrictive enough that will have any effect. And it's that way by design."
reddit_3cc9129bc8e4c181,"Holy shit they are literally just copying their playbook. Immigrants, trans, political opposition, comedians, homeless. They literally didn’t even need a new playbook. America is so dumb and ignorant that it worked a second time."
reddit_3d405e9f8d6af1ef,"Agreed, the number of reported rapes is most probably much higher. Doesn't change the fact that abortion is murder."
reddit_3d6014cc96c63be1,"Last time I had to go to A+E was in 2022. I saw an understaffed service and it took all day for me to see someone and get an x-ray and subsequent cast. 

You complaining because you saw some brown faces? Or are you suggesting it's refugees using all NHS resources? More than the elderly even?"
reddit_3de48a4d12375371,"Abortion is a complex issue and people on either side of the argument are sincere in their beliefs. That being said, I personally don't believe that anyone should force a woman to go through a pregnancy that she doesn't want. Judge not, lest ye be judged."
reddit_3e5a1c524e4c8a8b,"It's not just logical. It's *moral* consistency. If you believe that abortion is murder, as he did, how could you justify murdering a child simply because the event that caused it to be alive was horrific?"
reddit_3eb0f63e65d1f7c7,"Someone called the shooting ""unamerican""    
Honestly there's nothing more uniquely American than having a pro-gun advocate get shot dead, and that wasn't the only mass shooting that day, and also the other one was a school"
reddit_3efdd0684c6d2874,I meant the belief if abortion should be legal or not isnt an opinion as its a womans life and choice
reddit_40e8de4157912b82,"Environment degradation from climate change, pollution, and resource extraction. Rainforest destruction, microplastics, global warming, and other related issues will kill us as a species within 200 years...I hope."
reddit_421486bd5de44448,"“That’s really important for safety wise” just about sums up the intellectual ability of most Republicans.

It is so easy to scapegoat immigrants to distract from real issues."
reddit_4216f26a33f2a533,"China very unfairly built too many solar panels, EVs, windmill turbines and batteries so now we have to fully embrace climate change because of their reckless subsidies"
reddit_4277b6ea5b2b6dc3,Exact same point I have raised and people call me conservative. When did you see a conservative supporting abortion and LGBT rights? People here have lost it
reddit_429313379360e66c,Our current system also sucks balls. Only 12% of our current intake are skilled workers which means that 88% of current immigrants are of no use to the country whatsoever. We’re all paying actual money to bring them here. It’s a complete farce.
reddit_43b4ae5161907888,Climate change? We’ve passed the prophet Gore’s tipping point. There is no stopping climate change. It’s science.
reddit_44504da4ca4dd3cc,"You should’ve gone HR immediately. That is hate speech. I am unapologetically pro-life, but if you want to kill your child, that’s between you and your husband."
reddit_44a1a0c2d0bbd495,Go start protesting about climate change in russia and china russian economy is running on fossil fuels and china produces like 10 new coal plants a week. Your bs climate change used to be (global cooling hoax) for those of us old enough to remember.
reddit_4504b8df1d02697d,Legal immigrants made Sweetwater Great. There's a difference. Plus there was no public handouts at the time.
reddit_456ececba90ed54c,He over stayed his visa and was no longer allowed to be in the country. He needs to go and not come back because he doesn't respect our laws or our country.
reddit_458a0f3a6900f945,"Don't forget to mention, the UCP has put a moratorium on new renewable energy projects, because of ***checks notes*** environmental protection..."
reddit_470dbaf7e2c4f58d,Don’t say Global Warming!! All those billions of tons of CO2 we are pumping in atmosphere are of no consequence!! 🤣😂 Get ready for 90s temps lingering into October!
reddit_47303b7dfd3f9e66,"If you wish to be uncompromising then in truth no abortion should be legal. It is choosing to end another person’s life, regardless of how it came to be. It is simply murder."
reddit_473d68149190ca17,"Trump: In 1982, the executive director of the U.N. environmental program predicted that by the year 2000, climate change would cause a global catastrophe ""irreversible as any nuclear holocaust""... these predictions were WRONG. They were made by stupid people that have cost their countries fortunes."
reddit_478c0b7e396c76bb,Universal background checks are popular with a majority of Americans. Same with assault weapons bans. Democrats simply need to own those positions
reddit_47a43527f42a4d09,"AI won't be able to fix toilets anytime soon. The elites will still need proles for a good long while yet, they will just need less of them. My prediction is that climate crisis will be mostly unaddressed and welfare will be all but eliminated so that the poor unemployed masses start to die off."
reddit_47c98ec31091fe2f,The long list of things that reduce the need for abortion perfectly overlaps with the list of things Republicans oppose.
reddit_481bf0de54962dce,You get that we are literally the only country in the world that has allowed mass immigration the way the we have over the last few years? No one else is quite as stupid.
reddit_4822ef7225a8c5dc,"Why does this type of stuff always get brought up as if a pro-lifer would be against it. The baby was dead. In the womb. This is not a case of abortion, it is a miscarriage. There was no life to save except for hers. Why would a pro-lifer be against this?"
reddit_487d31dca62ebb0c,So by that logic we should be able to amend and change the second amendment as fully automatic machine guns and semi automatic rifles weren’t a thing when it was written at the time.
reddit_48a103c23a77cfd1,that’s not what he said bruh. he said it’s worth it to keep your second amendment in order to use it against a tyrannical government. he also said we need more PROTECTION at schools.. we need more SECURITY at schools. he cared about the children.
reddit_48ab25058ea388db,"There is NO Justification for the killing of innocent children!!None.  And all you Pro-Life in America, screaming women are killing UNBORN children but you can somehow endorse the killing of BORN children ANYWHERE on this Earth! Shut Up!  Hypocrites!"
reddit_49d65b01f0f58f7a,"If Canada was mandated to stop all economic activity, if we were wiped off the planet, the climate change would be at 1.5%, a drop in the ocean.  No amount of mandating cars is going to do squat to the climate."
reddit_4a120bb64cb74d92,I mean if you count abortions then it'd never get over 0. Who is more innocent than an unborn child?
reddit_4ac94af7e5691c65,"This is the lie that the oil industry has been pushing for years when they created the ""carbon footprint"", take focus away from them, push it towards the individual, because it makes them more money.

Idiot."
reddit_4b422802a7acd510,Tell them bitch ass mother fuckers to come and take it. I'll stand right there beside every one of yall. This is exactly what the 2nd amendment was made for. Standing up against tyranny.
reddit_4b9f7f34f9c3ccd9,"This is the equivalent of just calling all immigrants violent extremists. 

There's not some global transgender cabal where all transgender people pledge their allegiance and then start committing acts of terrorism. What a stupid government."
reddit_4c315bc43c58044e,"If, as the article says, they were here on visas that didn't allow them to do the work that they did, then they abused the visa system, and should be arrested and reported.

It's not ""shitting on our Asian allies"" to expect them to follow our immigration laws."
reddit_4cf3c98aec2cae46,"artificially inflating the supply of housing would be good (and it'd hopefully hurt landlords)

also uh you could just employ immigrants in the construction industry

generally the bigger concern is if London can take such rapid further growth"
reddit_4cf8e3752b7dd464,"I just find the “abolish ice” or “end ice” ones stupid, do you realise how stupid it is to get rid of any kind of immigration enforcement?! You’re practically begging for problems!"
reddit_4d0b7cb5b4043330,"The left needs to understand that limiting migration is not inherently racist if they want to win and start communicating with Farage's voter base. 

Actually on paper if you ignore the entrenched partisan views, unions should be against immigration because it dilutes worker power."
reddit_4d172973e58783bc,Are you saying you’re okay with illegal immigration because the arrest rates for them are lower than native born citizens?
reddit_4d3410f522ae2d22,"It’s fine, he just took one for the team is all. Some deaths for the sake of preserving the Second Amendment is worth it, according to him. A “prudent deal” even. Great job, Chuck 👍"
reddit_4e073246cdbd69ac,"Realistically, get a Democrat President to pack the Supreme Court and get a relevant case sent there, or get a clean sweep with the presidency, the House and Senate full of Democrats and pass gun laws."
reddit_4e1a82394edfb667,"Liberals both are the cause of all gun violence and also want to ban guns, duh.


Or maybe they're the baddies and can wake the fuck up any day now that no one should have fucking guns."
reddit_4e2a0fed40bc5340,"I know people have “joked” about it before, but it seems the only way to move gun control forward is to have a group that conservatives fear having an abnormally high level of gun ownership."
reddit_4eda9fbeb5dd32fd,He literally does this - shamed and harassed a patient who wants an abortion whose life he isn't involved with at all. He's obsessed with women being incubators.
reddit_4f4a863a0d9fc62d,"With the world fatiguing from left wing policies and a shift towards right wing it's not inconceivable that in the near future we go back to a more restricted abortion law. 

And you did say that law makes right so I was just wondering."
reddit_500cd4dd7ac74ee2,No one can kill a child. Even if it means you have to deal with the consequences of your personal actions. Abortion is child murder.
reddit_50165f5eca4105df,100% agree. It's insane how many people jump to conservative pro-life talking points when this topic comes up. It shows how people truly think when a non-popular concept is raised and they have to think for themselves rather than regurgitate what their political group has told them.
reddit_51fa7a31de6b1afa,"“Gun safety” is a left wing deliberate misnomer. It’s “gun control” except for the police. And students have exactly zero real world experience, probably no actual education as well. Indoctrination yes - education no."
reddit_5348129dcfaf185f,Nations relying on batteries is hilariously stupid considering how their production affects climate change. Nuclear power is sustainable long term and much cleaner.
reddit_53870d6b64269c5f,"Okay fine, then the second amendment is also gone too—play stupid games, win stupid prizes.

Traitor."
reddit_53ff356f537b02d3,"All this subreddit does is spew misogyny, then if I get offended, I'm proving ur ""point"" oh lord.... this is why it's either a daughter or an abortion.🧍‍♀️"
reddit_54008981b322b349,"Then maybe the people who didn’t vote for this should start arming themselves. The second amendment wasn’t intended for hunting deer, after all. 

On an unrelated note, most politicians are soft, squishy humans, just like school children."
reddit_545a7132a8f6b829,"And liberals think abortions are worth it to lower crime. Oh no, you’re a monster too!

See how easy it is when you say dumb things."
reddit_54970e7e78515f89,"If Biden didn't let the 10+ million illegal immigrants into this country, there would not be mass deportations. This kid would still be alive today"
reddit_55f6a475c72ddd8b,Why would you not politicize school shootings or climate change when it's obvious that both of things need political solutions? What a twtter-brained take.
reddit_5602dc5255e696e9,The bypass is a road. The left wanted immigration they should not complain the population is increasing
reddit_562e1c13d719d85d,😂😂😂😂😂😂😂😂😂😂😂😂😂😂😂😂😂😂😂😂😂You probably think paracetamol and vaccines cause autism and that climate change isn’t real.
reddit_56e2696e3f8f17c8,These AI data centers use up tons of water and then have the same if not worse emissions as fossil fuels lmaoooo
reddit_574767fec752029a,"Go check out conservative reddit pages they blame ""the left"" for everything. Yeah go blame gun violence on the historically anti gun group? These people are beyond help"
reddit_589bce353369e7ba,"I’m not a republican and I do not agree with his political views. Bu,t I would never wish death upon anyone. This is absolutely horrific … I wish our country was safer, I wish we had better gun laws. I wish people could feel safe going to a rally, school, etc."
reddit_5a4946bedf0cd92a,"What a fucked up thing to call an abortion ""loving, responsible"" it's not loving to kill your child because you personally don't want to make it work. That's what ADOPTION is for."
reddit_5adf175981cd6c72,"This is what the second amendment is for, everyone. Plenty of ICE agents are willing to kill for a paycheck, they're not willing to die for one."
reddit_5bcb9cd986a88ed7,They only acknowledge the broken immigration system *they caused* when they’re pushing digital ID’s? sounds about right.
reddit_5c3c75dfefdad342,"You fingerprint anyone who arrived illegally. If they try again they get an immediate deportation. They spent all that money, and if they want to waste even more, they can try. 

Better than us spending that money keeping them in prison. People can escape from prison as well."
reddit_5c6caf26a5a7f17d,"This carbon footprint nonsense needs to stop. Climate change is one of the biggest scams in history. Look back far enough, and you'll see we (humans) dont make a bit of difference."
reddit_5d7567802052cc32,I think it's hilarious that the only constitutional amendment these a$$holes seem to care about is the second.  All these years talking about how the 2nd amendment would allow the people to rise up against a tyrannical government.  Now all they can is lick boots and kiss rings.  F#\*kng cowards.
reddit_5d7e9a5c11fb83d1,"Natural gas is clean - its problem is climate change... and the anti-frack-hippies claiming that allowing gas production will make your drinking water catch fire.

It's a'ight.  Wish we could have nuclear though..."
reddit_5dcb00dd1dc0dc54,Curb global warming.... lol spokane just added more non-stop flights.... UW joined the Big10 and Flys all around the US for Sports.... open your eyes
reddit_5e2281e661610bb9,Sounds like Democrats should have taken a hard stance against illegal immigration before the 25th hour.
reddit_5e5bd420802f9d73,"“I think it’s worth it. I think it’s worth to have a cost of, unfortunately, some gun DEATHS every single year so that we can have the Second Amendment to protect our other God-given rights.”

What are you missing here? Nothing is being misrepresented."
reddit_5e9eef0e73a8ad00,"Immigration is the obvious choice. But it has to be curated, meritocratic immigration that will maximally benefit the receiving country. Not come one come all illegal economic migration like it is today."
reddit_5f096c891f766049,Right. Much like detonating a hundred-thousand kiloton nuclear bomb in New York City on the off chance that it might bump the planet a few centimeters farther from the sun in order to solve global warming.
reddit_5ffeb4a0cdcafe7e,"All this shit has been predicted since the 60's.  Climate changes, always has always will.  Man is like ants to the earth"
reddit_601756bc11cbed6d,"If you support abortion, like I do, then a lot of people consider our views violent and actually far more deadly than we consider theirs."
reddit_6089e81be9b78445,"Right, and reasonable gun control should be sought after. No one is saying to take away guns, but oh boy, this administration is certainly trying to justify it."
reddit_60df19056361e15b,"No no, you don’t get it. The only solution to gun violence is *more guns*. More good guys with guns means less gun violence. Cue the *it’s not guns that kill people, it’s the person using the gun that kills people*."
reddit_6111ed40f11379b7,"She's right, we liberals called for ""gun control"" that bans some weapons that only purpose is to cause mass casualties like the Butler shooter used. Oh, BTW Sharon he was shot at not shot. He wouldn't have an ear if he was actually hit with any part of a .223 round."
reddit_6132eb87ccef5248,All this for the guy that thought empathy was bullshit and who didn’t care if a bunch of children got killed if it meant more gun control
reddit_6133927639f2e4fd,"It’s because climate change has been inextricably linked to progressive ideology, and progressives are so vile and intolerable that a huge amount of the populace reject their priorities wholesale.  Shame, because climate change is real and beyond scientific dispute."
reddit_61437de852f7d9fa,"Hey second amendment people, where you at? This is why you have that amendment. 

Your current government is being tyrannical."
reddit_615f000a292aa0e4,"Well gee golly, he just wanted to do a random act of violence and picked a planned parenthood. It’s not like the guy was a pro life nut job who hated abortion or anything. Thats unrelated /s"
reddit_61ce7f271aa28938,"Yeah, f#$k the environment and electric cars being the saviour from climate change. All that rubbish was so 2022. It's way more fashionable to hate on people and destroy innocent people's property. 
Extremists are so fickle."
reddit_6240dcd0cdbe946b,"Problem these fuckers can still bite through clothing and water is no longer running where I am. Fortunately, we live in a country where the second amendment is a thing!"
reddit_634448a243847acd,"This is great news and I hope they get rid of the counts which actually add to Dem seats. How is it we even begin to think it is a good idea to count undocumented immigrants, tourist, visa overstays as part of the party seats. That should not even be a part of the equation."
reddit_6466b89021ab703f,"I like it that he is taking care of immigration and I like it that he has pushed to get rid of all the DEI bs.

I don't like how divisive he is or how he has treated some of our allies, particularly Canada."
reddit_657cd0436e78a108,It’s funny that keeps being said as if those lads wouldn’t be dead against illegal immigration and thousands sneaking over in boats
reddit_661c46c08b85557c,"so what? they can cry about not being allowed to flaunt immigration law, pick up their ball and go home.

that's not going to help them sell their product in the US"
reddit_6654f4f13c2375c1,"What about the Marxists the police have to peel off the road, extract off buildings etc during climate protests?


We know those are Marxists and that climate action is a Marxist front..."
reddit_666a3064ced08961,Can you not see what you’re doing with this comment? Twisting everything to paint people as racist? Interpreting valid concerns about the level of immigration as “hating immigrants”? Surely you must know you are doing this. People are getting really sick and tired of this bullshit.
reddit_66f04c3cff84029a,Forced abortion or forced birth control implants? Either one is going to start riots and civil wars.
reddit_66f4407d4fc67fbb,You forgot the statistics of how many criminals were caught in their Immigration Raids! 🤔 look that one up
reddit_67cf28f659a16c60,"👏🏼I'm adopted and a victim of the ""one child policy"" in China. My parents sacrificed a lot to give me a good life. If I had been aborted I would have never had the chance to grow up and create a life for myself. Selective abortions are a huge problem indeed."
reddit_685b57ce82112a2f,Al Gore was the worst thing to happen to the climate change issue. His attempt to stay relevant immediately made it more of a political issue. Being an enormous hypocrite by personally using ridiculous amounts of resources and producing a troublingly inaccurate documentary did not help either.
reddit_68982a3dd0a3b645,"Yeah im the one crashing out. Definitely not the flunkies crying on reddit all day every day about orange man. Also the illegals got due process. When their green cards were denied and their asylum claims were denied that was the process. Luckily, the Supreme Court agrees. Thanks for playing!"
reddit_68e921a166d25157,Trump is offering exactly what he was elected to do. This would be like conservatives complaining about Harris implemented nationwide abortion protections. Sure they don't like it but that's the cost of elections
reddit_6b4477387a97b581,"Nobody, literally nobody is trying to ban all abortions. They are trying to get rid of late term abortions. How is that difficult to comprehend."
reddit_6b5c388977fd66a0,Abortion should be legal but you should also be ashamed for having casual sex. Fucking grooners deserve rope burn
reddit_6bad76d0fcecfdff,"""Ahhhh, CLIMATE CHANGE WE ARE ALL GOING TO DIE!!""

This is how stupid you sound. I spend every weekend on Indiana waterways. Almost everything you said is baseless fear mongering."
reddit_6bedb7b50e94f21f,I agree also abortion is mass murder and anyone who disagrees with the sentiment is literally in league in with Satan
reddit_6d10b67c78aa0876,"Nah, he's right. The shoe is on the other foot now and the left can't handle it. Trump called out climate change to the UN. He's breaking down every piece of shit legislation that the authoritarian regimes have tried to put in place."
reddit_6f2139a735c95807,So we choose to build along coasts and in fire prone areas then are shocked because the insurance premiums are sky-high or no one is willing to take the risk.  This isn't climate change it's just common sense.
reddit_6fdc6baed3daf694,These examples of police brutality are exactly what the 2nd amendment is for. People have to be able to protect themselves when law enforcement officers are the ones bringing the violence.
reddit_7036aedb2f5af205,The Earth was even in a bit of a cooling trend until the industrial revolution when the temperatures started to shoot up. The climate change denier argument that it's not human activity to blame immediately falls apart.
reddit_70a941babdc49242,"America is a very large country. Unless police can teleport to my house and save my family from an intruder, I fully support the second amendment"
reddit_71ca0b5c8918e6bb,Isn't it great how areas can be too white and need to change. But even just saying the country needs less immigrants makes you a racist thats afraid of brown people.
reddit_738bfc19523778c0,"They've been voting for it like literally for two decades and you're suggesting they keep doing the same until politicians take notice. People don't want mass immigration, why is it so hard to understand?"
reddit_743d230debb28e2e,"This gun legislation is political pandering theater. Go ahead and write a billion gun laws. There are more guns than people in this country.  Oddly enough, criminals and insane people do not care about laws. Weird. I like Tim, but this is a huge waste of energy."
reddit_7474e928749af316,"Very difficult to get a conviction, people freak the fuck out if any constitutional rights are scrutinized. Same reason we can't have sensible gun laws."
reddit_74ae52dfaafd734f,Those on the left better start looking into their second amendment. These people are not going to surrender power
reddit_750fd5aad2738fd3,"Fuck Town Hall dude. Hate that anti-GMO shit. “Come chow down on “””organic””” food that wastes huge amounts of space to cultivate, uses more pesticides to produce, needlessly costs more for lower quality. Drop in today and increase your carbon footprint!!”"
reddit_751c73b779da8c47,"I was pro gun control like 10 years ago, but in a day and age when people are being abducted and taken by masked men i think you should have an AR15"
reddit_75b30ba195b9605d,"The guy who passed the largest climate change bill in history is center right, this is why I can’t take the leftists seriously. Just keep parroting GOP talking points about the Democrats abandoning the working class."
reddit_75d3412c629af760,"Yeah, I've been saying for years that if we could just keep guns out of the hands of Democrats we wouldn't have a ""gun violence "" problem."
reddit_75f25e3dbe300057,"Umm no. Most Republicans are anti-abortion , that puts most of them solidly on the right. I am not surprised a centrist would believe this though."
reddit_7607868dddc809c4,Stupid people haven't seen a lot of stuff once. My republican uncle will tell me he's never seen proof of global warming with a sweat stain reaching from his shirt collar to his belly button in September.
reddit_764040c3b779d702,"Musk: ThEy LiKe ImMiGrAnTs FoR tHeIr VoTeS!

Immigrants: *vote Republican*

MAGA: Kick em out anyways!"
reddit_7645abb1a8c80e07,"100%. I’ll burn an American flag in mourning for our countries values, while donating to non-profits that help marginalized groups/immigrants in our country. Fuck these fascist pigs."
reddit_76b403df8e1a24d2,"Yeah that's what ""this generation"" is doing, having unprotected sex and getting abortions all over the place.


Teen pregnancy rates have only gone down since previous generations, moron."
reddit_76e3185a16a837de,Again. Are you actually saying a woman having an abortion is the same shit as nazis commiting the genocide of jews and gypsies?
reddit_76f6102761041ead,"I don't know your personal situation, but there is a large number of migrants who have taken advantage of the system, and unfortunately honest and valuable migrants are being impacted as well."
reddit_77412bcf9643aec2,Abortions are murder. Don’t open your legs if you don’t want to get a baby. Or at least use a fucking condom.
reddit_7a6badd2ea0ceea4,"17 years old aren’t dying of gun violence in other developed nations, so that statistic still Carrie’s lots of weight"
reddit_7a9b56b5cda40c32,They are mislead. It is because the rich collect more and more wealth that the middle class is disappearing. It's not the fault of immigrants or people on social security. They are just easy scapegoat so people don't get the idea to look up instead of down to resolve the issue.
reddit_7af2864761f028e3,"People in the US have this weird idea that the rest of the world wants immigrants.  

Pretty much every culture wants its own kind.  Its a human nature thing."
reddit_7b1faef501e42f28,"> What was the purpose? What have we gained???

We are enforcing our laws, sending a message that anybody that wants to do business in America need to respect our laws. The bad guy here is the Korean companies that apparently got these Korean workers here on a visa that does not allow them to work."
reddit_7b29156abeb14c6a,"I don’t follow. We do vote for what makes the world a better place, including on issues like gay marriage and abortion. Obviously we don’t agree on what constitutes better."
reddit_7dc0aef450d45b83,"His campaign slogan is literally ""drill baby drill"", and he won. He is just fulfilling his campaign promise in as big a scale as possible. It is not even the first time he called climate change a hoax. 

Is anyone idiotic enough to expect otherwise?"
reddit_7e69ebd60a3aca31,"Abortion from rape etc should absolutely be legal. Abortion because you were a horny bitch shouldn’t be. We got condoms, this aint the fucking ice age."
reddit_7e8a0b0cb5ad4b6c,"Conservatives regularly claim to believe:
1. That it's wrong to cut family or friends out of your life over politics.
2. That abortion is murdering babies and that gender-affirming care is mutilating children.

And I cannot quite square those two beliefs."
reddit_7ecfa0b395ea1fd8,"You shouldn’t be politicizing mass shootings. We should just move on like we do with school shootings, this is just a natural part of the second amendment"
reddit_7ef1bc59d146a092,"christian ≠ pussy who will accept the world going to shit

letting in immigrants changes NOTHING about the countries they come from, it just makes it worse here.

if it keeps going, america will eventually be indistinguishable from afghanistan, and not in the way you may hope for"
reddit_8036a03bc31a80bd,"No, that’s exactly my point. Just because a criminal uses an object not in its intended way, doesn’t mean it should be banned. A criminal can sadly use a gun for violence, but gun laws are made for self defence not for harming people. The criminal is not using the object for its intended purpose."
reddit_80dfa021f34536f7,"Who will be here to blame when global warming effects are felt daily and strongly though? Most people responsible will already be dead or dying, next generations will have to deal with that challenge without trying to find someone to blame"
reddit_812c5fe8dbaf7fb9,"We?

At some point it's not about religion it's about right and wrong. If you have a dick your a dude, deal with it. If you get pregnant and get an abortion, that's murder. That's not religion, that's common sense. If you're too stupid to understand that, keep it to yourself."
reddit_824b78556ab5fe3d,How many abortions in the 20+ years? 63.5 million since RvW. So we even have to import a population so we can keep aborting babies?
reddit_82563f8f9072f2e1,"Climate change doesn’t give a fuck what anyone thinks anymore than gravity cares about the opinion of dipshits. 

Regardless of your opinion, you will still experience the impacts of climate change just as surely as you would if you step out of a window."
reddit_84f199867346c1fc,"Electric vehicles are expensive, useless pieces of shit but with Anti-American Democrats, these garbage vehicles are the future along with the man made scam of Climate change."
reddit_85a771b9c9fc3821,I'm against abortion if there is not a good reason for it for example teen pregnancy or pregnancy from rape. For me accidental pregnancy is not a good enough reason.
reddit_85b719001f5fa107,What does it say about you that you don’t believe it’s worth even having a discussion about preventing gun deaths when the victims are primarily black and mentally ill? It’s not like y’all are offering non-gun control solutions to these problems.
reddit_85cff1024a4f85ec,Cluster of cells.  You hit the nail on the head.  Let me guess?  You're a guy.  Maybe leave the reproductive rights conversation to the women since they do all the heavy lifting and stay out of it
reddit_874e07d9cda37822,"Yes this is exactly what the sick fucks on the right do when the roles are reversed. 


She supported abortions and killing babies so she got what she had coming! Type shit


Time to take the highroad and prove the ""both sides"" people wrong.."
reddit_881fdcb47017d064,"Sure, but when abortion is criminalized, do you think people are motivated to do the right thing, when doing so means you may end up in jail after a traumatic health event? 

It's almost like fear causes people to do the less ideal thing out of self preservation."
reddit_8933cff8770b79f6,"Do you even know what that word means you fucking moron lmao 

I’m not pro gun control, I’m pro keeping other states rules out of other states.  Ya know, a fairly conservative ideal. 

Christ some people are simple."
reddit_89f3280c3f34aaf7,"We should have done this decades ago, 9/11 should have been the wake up call at least on the US, but instead we pretended every culture is the same and ramped up immigration into our western countries. Now we are dealing with the fallout"
reddit_89f38dd1c42874b9,"Yes, but in my opinion its not paranormal. Just selfish and scared humans who turn against each other in the face of big challenges (overpopulation, climate change, toxic social media, wealth inequality...)"
reddit_8a2fe66012719a1b,"Also fucked. Abortion should be allowed, forced military conscription should not be allowed. Simples."
reddit_8a4d1bf1cbeda9fa,Climate change to Democrats is global warming.  Thank God Trump was elected and stopped this madness.
reddit_8acdb1dfc4b1d498,"Europe, India, and China are still buying their fossil fuels propping up their economy. The hypocritical EU drops billions. This is why calls for sanctions are a sad joke."
reddit_8ad45ebeb6d2724b,"Well look at your gun ""rights"" in liberal states. 

Sorry Temporary Gun Owners, but when you vote blue, you get NY and CA gun laws."
reddit_8adea22cbc46e8f3,Because they get voted out if you spook the electorate. What benefit is achieved if labor does crazy reforms just for it to last a year and then the liberals repeal it eg carbon tax.
reddit_8b09c3d7753e463b,"To add onto that: an actual biblically following Christian. Modern progressive Christians are—in all transparency—heretics. This mostly stems from views regarding queer affirmation, abortion, and a few other things."
reddit_8c07c0e73ad74e42,"you should try and look at your second amendment too guys. 

Republicans aren't going to stop until society is broken and you and your family may very well be left on your own."
reddit_8c2a2714fbafc380,"The world will be fine. People will adjust as they have for hundreds of thousands of years. It'll be even easier now, not being cavemen and all that.

The climate has always been dynamic and humans have experienced worse climate changes than we're currently experiencing."
reddit_8c8210c0a552b06c,"She is legal but she has faced a lot of racism , I agree with the ones doing illegal shit but that should be for all Americans . Current day events are blending bad immigrants with all immigrants which is a problem"
reddit_8c9331ea29b97410,Our founders did all the interest balancing we needed when they ratified the constitution. All gun laws are infringements.
reddit_8cdffc7b66104e2c,"Yeah it's dumb because there's literally no single solution to climate change, it's incredibly multifaceted"
reddit_8d728887fb81fa64,“Illegal immigrants” pay taxes you say…hmm think about this statement. Are you sure my friend. Illegals pay taxes? Lmao. What are you talking about.
reddit_8d96f3915b106df4,"Democrats have passed numerous gun laws at local level politics, a lot of which get tossed to the supreme court and turned over. They can't get anything passed at a national level. You clearly don't understand American politics. Shut the fuck up."
reddit_8e41fe32d2c79604,Canada is a shithole and already overrun with illegals and indians alike! And does not have that many high tech jobs. Only thing that goes for Canada is the fast permanent residency and citizenship which allows you to work in the US!
reddit_8f5ce01545ffc3d3,What could be a more meaningful and personal donation to the family of a victim of gun violence than money to a gun control advocation group?
reddit_8fd24cacc9477120,"Liberals need to arm themselves. 2nd amendment should not be a political issue every American who can, should be armed and trained and if things get bad enough from your perspective, do something about it."
reddit_901bd01920e79410,People who think foreigners deserve to be in our country without going thru the due process of citizenship don’t get to lecture us on due process
reddit_9065cac16ed8f5e4,You must be young because he is not wrong. This global warming and climate nonsense should have destroyed Earth I think 4 times now since the 80's according to reports.
reddit_9068d21b8c20bd75,"Funny how no other developed country on the planet has this issue. You‘re right though, the best approach is to severely restrict firearms ownership. The NRA’s colletive tiny dick will get over it."
reddit_909cb9f16a86b469,It’s because the (factually correct) recognition of the existence of anthropogenic climate change has become intertwined with a whole set of batshit insane policy prescriptions that would weaken the West and make people poorer.
reddit_909fc2dc2390c5ad,use both hands. there is no such thing as gun control. the solution is to allow people to defend themselves.
reddit_918e10daa159d79d,"Without authorization? They were all here on work visas. Building a plant, for Americans to work in!!  Imagine the jobs lost, because of this idiot 🙄"
reddit_921fe9df2a4bcd3c,"This is how global warming will destroy Europe: there won’t be enough food. Heat waves are a huge problem, sure, exotic illnesses will go up (mosquitos, mice, ticks), etc etc, but the droughts will stop us from having actual food."
reddit_92cc1f0a4fc0abc5,"You're right, it was only every other day. 170 documented cases of gun violence at schools in 2024. And ONLY weekly for shootings. We have to just get over it (according to Trump)."
reddit_92d1b80ee412ab84,"It’s worth to have a cost of, unfortunately, some gun deaths every single year so that we can have the Second Amendment, after all."
reddit_93c9ae15ce49f47f,Listen im as conservative as the next guy but as a fairly sexually active 20 something aint nobody using abortions as birth control. Not only is it a pretty taxing procedure for the body but it’s fuckin expensive. You are thinking of Plan B
reddit_93ea6cb5bdd13dd9,Liberals have to balance climate change with their hatred for the right. They are walking contradictions.
reddit_942599b9eae3401a,It's not even that... This isn't even just a side effect of the 2nd amendment. This is the 2nd amendment working as intended.
reddit_94c6909581c42da2,They never applied for asylum.... thats the proper way. They had to wait at the port of entry and fill out paperwork. Instead they said fuck it and jumped en mass over the border. The U.S. Border patrol was told to stand down and not do their jobs. Thats why we're in the mess we are now.
reddit_96250dc22ad25945,"I'm saying that 96% of biologists agree that life starts at conception.

Source: Jacobs SA. The Scientific Consensus on When a Human's Life Begins. Issues Law Med. 2021 Fall;36(2):221-233. PMID: 36629778.

Abortion ends a human life

Deliberately ending a human life is murder"
reddit_964ab3a44abdfbb0,"Weird how this problem in mostly a usa problem.  Everyehere with gun laws  has less then 10 gun crime this year for example. 

Almost like it actially works.


Dumb fuck."
reddit_99a5ae106f67d599,"Most aren’t fleeing a dangerous place. They’re moving for better economic conditions, which means they aren’t asylum seekers. If they want to move here then they need to have a valid visa. That’s how it works around the world."
reddit_99db5b7d344fc170,"> And this needs to be a wake up call for liberals. 

It won't be.  They're already using this as ""proof"" the Second Amendment, owning a gun, etc. doesn't work all across social media, including Reddit."
reddit_9d0903469290e63e,"Funnily enough, due to climate change, civilization is also going to experience extinction thanks in large part to that movement!"
reddit_9d7a1a7a870571ff,Still believe the criminals are immigrants- people of color- Latinos and everyone else the right blames for everything.
reddit_9e2875fb65df6514,">We are just not convinced that's whats actually happening

That's why I DIDN'T say to deny it to anyone.

>the people banning abortion do not give a fuck

I have a simple answer to that: politicians are sucky people"
reddit_9e8cfea1c86c157d,"And the Democrat party isn’t? How many young voters know and vote anything beyond “abortion is a right?”

There are plenty of single issue voters in both coalitions."
reddit_9f20aa56f0bc4ae5,Some of the rate hikes are due to the government stopped the solar subsidies for clean energy. That loss in subsidies are now passed to us.
reddit_9f3c1470e8c5c3f5,It's a valid stick to beat them with if they're screaming about immigrants taking advantage of benefits
reddit_9f5b63f72a9ccadb,He was in a booth called “prove me wrong” defending gun rights when he was shot. He literally died defending his beliefs.
reddit_9f6aa7f9a3737dd1,"Yeah no shit. One is an american citizen who was assassinated the other is an illegal immigrant who gets deported for breaking the law, a criminal aka not innoccent."
reddit_9fc23049b6320ee5,"It's not that it isn't happening, it's that there's a lot of evidence showing that it has already been happening and that while greenhouse gases are having an effect on the planet it's actually quite small compared to the cycle already occurring."
reddit_a00411a9a7920cdf,"Renewables cost too much, therefore climate change is crap.
Renewables damage biodiversity, therefore climate change is crap."
reddit_a085f789e4222dec,No climate change - CO2 is plant food & the “climate scientists” are paid to make people believe in climate catastrophes that can only be mitigated by stupid legislation.
reddit_a0f04aea308632ac,You’re not going to prevent political assassinations with gun controls. He was killed by a bolt action hunting rifle.
reddit_a1c6eb47bddda351,"If someone makes a bad choice or ""mistake"", of course they should carry the consequences of that.

In case of cheating, the consequences are the relationship ending. In case of pregnancy, that's  an abortion or raising a child. I don't see how that would contradict anything I said."
reddit_a20113e8a1a21733,"Bullshit. 

They were too busy claiming he was a deranged liberal because of his appointment by the governor. When it came out that he was a religious, anti abortion, and Trump supporter, they claimed that was all a lie and it was an inside job."
reddit_a20281bd763b8ae7,Typical hateful lefty aren't you? Can't say I'm surprised since your lot are pro abortion. You cannot silence people you disagree with.
reddit_a21dec3c7fea14ae,"You're an idiot then - sorry.

Carbon tax was cancelled and prices dropped. We had some of the lowest prices for gasoline this summer in years.

If you can't see past your own bias then you are doomed."
reddit_a2765defd2b7ea99,"So sea level rise is containing unabated, it's jut not accelerating.

So we're stil fucked, we just have a bit more time to unfuck ourselves."
reddit_a2cae8142efad8ec,"People have to be willfully dim to believe Gov. Cox was hoping it was an immigrant. I keep seeing this bubble up. 

Like.. has the ability to understand a speech gone out the window?"
reddit_a3517fd713f506f6,None of them are ‘illegal’ until their case for asylum is processed. Circa 80% of those claiming asylum are found to have a legitimate claim.
reddit_a35a02a4455036c4,The people who claim to be pro-life while gleefully sending these babies into the unknown are fucking monsters.
reddit_a44bf735d58fee50,"Of piss off you lefty pussy. You make it sound like everyone is a racist, not true. Some people just don't want ILLEGAL immigrants. I have no issue with people who are here legally and background checked."
reddit_a458ee586554e641,Wah. Be an adult and deal with your consequences. May i suggest pulling up from your bootstrap. Yeah we ran out of sympathy and empathy. Used the up on immigrant and gazan and whatever is left on free speech
reddit_a46d5a2742fa66fd,Leftists killed her husband. The democrats in this country are a death cult. Abortion is the leading cause of death of human life; far exceeding any other malady or tragedy created by man or God and its marketed by the left as Healthcare.
reddit_a483d6b6ef3c45b4,">Climate change is not going away.

It used to be called global warming.. till yhe earth started to cool

Its a scam.. same people bitching about environment are against nuclear power. 

Same people are also against the right to repair."
reddit_a4e01cbddd7bf014,"Silly China fell for the climate change hoax. The woke libs tricked a billion people with the green new deal. 
/s"
reddit_a4eb93f4dd1a6bcd,"I have seen people argue that their ancestors were not ""immigrants,"" they were ""settlers.""  The stupid runs deep."
reddit_a518f98ee6f8b215,"You can thank your good buddy Joe for his war on fossil fuels, leading to increased energy prices across the board."
reddit_a54f4be1cbde6a57,"Just a few years ago, there were people who would look you dead in the eyes, tell you that Elon Musk makes too much money, and then tell you that we should all buy Teslas to save the planet from Global Warming. These people are out of touch with reality."
reddit_a5cbbf62be407d96,"He said gun deaths are the cost of the Second Amendment. 

Just because someone has a family doesn't give them a golden ticket to be an awful human."
reddit_a62c37fdcf399895,"Yes! The men are here swinging and say they only want to play bareback, but are voting for politicians who are outlawing abortions. It's an interesting dynamic.

Their chosen party also decries homosexuality while these couples are trying to find women who will fuck the wife."
reddit_a647258f2ad4e119,That’s because they’re here illegally lmao. If you’re undocumented or over stay your visa you’re eligible for deportation. That’s literally the entire point of ICE you goofy fuck.
reddit_a664f97ca4267975,"A Community Educational Intervention to Improve Firearm Safety Behaviors in Families
This showed that with the initial education families tended to adopt safe firearm habits while this one is American I'd like to say that we are not limited to American studies to better ourselves"
reddit_a6a71b8eda696910,"If I'm mistaking you for anything it's for the overwhelming majority of American conservative Christians, who only care about abortion for the same reason many people associate coca cola with polar bears."
reddit_a8491c8bfabeaacb,"He believed in pro-life. He did not support rape, but it's clear he wasn't going to change his values to conform to a different ideology, regardless if it was his daughter or not"
reddit_a8ac9f4af3daa6d6,Who the fuck else killed him it’s definitely someone that doesn’t believe with his views which his views are very Republican and that’s it. Nothing extreme other than you could say abortion but you don’t have to agree with everything and it doesn’t mean you kill him for it
reddit_a962d204497e4925,It’s liberals who didn’t want to transition from fossil fuels to nuclear power. The best option was right there and you treehuggers didn’t and still don’t want to take it.
reddit_a977b786633ff243,"Complete Horseshit. The left celebrates murder & abortion every second. When any POC kills anyone white, it's a literal holiday for the left"
reddit_a9e465173d2dce4e,"I absolutely expect the administration to remove gun rights for “mental health” reasons that grow to include Trans, Antifa, TDS, democrats

Conservatives like to claim that “_Nazis banned private gun ownership_”

That isn’t true.

They banned Communists and Jews from owning guns."
reddit_aa2d768379c1ccc4,"people like you are why the pro life movement exists rather than treating abortion as a thing you do if its absolutely necessary its ""oh woops i got pregnant welp fuck that kid i want it to die"""
reddit_aaa29e29371eba8c,"I should be able to snuggle with the menfolk without getting fired from my job if someone finds out.

Gun control does not work, and it's just a lazy, performative excuse to avoid addressing the underlying causes of violence."
reddit_ab4e85c39f28920f,"so your white ass family as been in the same white ass area for centuries? who cares? 😴

and you say immigrants like it's a bad thing? that's how America was created? coalition of immigrants whooped the UK then bailed Europe out of WW2"
reddit_aca8f3c51648ed20,Yeah. And using his quote about how he was FOR the 2nd amendment. That means gun education and being responsible for your actions. It doesn’t mean that he is FOR assassinations… Just constitutional rights. Besides criminals will never give a damn about gun laws since they get them illegally anyway.
reddit_ae1cf1bb5e16c0b5,"Well, young naive me believed our Vice President when he made multiple doomsday predications about global warming that failed to come to pass. All we managed to do is export our emissions (and the economy) to India and China."
reddit_aec448d7be8b4ed6,"> Plus I’m also talking about energy companies, industrial manufacturing, and transport.

None of which any of us ever use of course.

The 'normal people bear no culpability for climate change, it's all the evil companies' narrative is largely nonsense, companies exist to fill a need."
reddit_afe9a39267035d99,"Cause youre so called common sense laws arent fucking common sense.  Jesus, I told my wife who isnt into guns or political about the universal background checks.  Shes thing said it won't make a difference.  Its stupid."
reddit_b00287b9a4e2f72f,"Hey Andy that man is just exercising his 2nd amendment right. ""If we need to have a handful of shootings it will be more than worth it to protect that right""."
reddit_b018f251429fae6e,Planned parenthood being defunded does not mean that women aren't allowed to get breast cancer screenings (I notice you changed this because even you realize how stupid of a claim that was). It also doesn't mean they can't get abortions or use contraceptives. Free shit is not a right.
reddit_b04795c664a10777,"Same guy who said ""who am I to force you to put things in your body"" ?

I bet he voted for abortion bans though..."
reddit_b0608d8ee4fcbdc1,"Bring back common sense, they say as they plaster their car with slogans and pictures of the dude who couldn't even get elected in his own constituency. And keep bringing carbon tax even though Carney removed it already."
reddit_b0cb708659cbae1d,Because the same experts or scientists that said cigarettes are healthy are the same dolts warning us about global warming.
reddit_b1a96c61ce4349b7,"The left’s worldview causes self-induced anxiety (global warming, social issues, omnipresent corporations). The right is against this doomer view, viewing mental health as curable."
reddit_b3734c5f9eade7c4,"Yes, but it wouldn't have the ""Word of God"" behind it.  This is why gun owners try to make the Second AMendment into some ""god-given right""  otherwise it's just an excuse."
reddit_b417a751c0ec52df,"Right to jail with them, together with those jobless losers that protest against immigration. Same idiots, different skin."
reddit_b47ca90c8cdddc38,"It's coming back because of millions of illegal immigrants who were invited to flood the border from 3rd world countries.  My kids are getting their full schedule of vaccines, but lets not confuse where the outbreaks are coming from."
reddit_b480cda3593c126e,"This is so dumb. I’m liberal as fuck but no Trump supporter I know is cool with random gun violence. He might be conservative but he’s also a husband and a father who was just assassinated (likely) on camera. 
Those kids don’t deserve to lose his father because he has conservative beliefs."
reddit_b61c8dc407ccb0d1,"The conservative mantra is “fuck you, I have mine”. So their response to climate change will be to say “not my problem” to people affected by it."
reddit_b6225fb7faa8747c,"The problem is we need change. We are gonna go extinct if capitalism continues as it does because of climate change. Liberal capitalist democracy has no answers for climate change, so the options are either climate fascism or Socialism"
reddit_b69cda7f9d9acefd,Yes they are…. Literally watch anything besides Faux News and right wing media…. There is a reason why is numbers on immigration is sinking the further his term goes on…. He’s an inhumane racist bastard and a criminal…
reddit_b7a9cf32bce483ba,The citizens stripped of citizenship in your proposal might not have the same levels of initiative and work ethic as the people willing to take the risks and put forth the effort necessary to migrate to the United States of America.
reddit_b8b4f195f808ac97,"ah yes, let me listen to A-listers in Hollywood who tell me climate change is destroying humanity while they fly around in their private jets"
reddit_b8e96743444b6dcf,"There is absolutely no reason Canada should be accepting refugees. 

If a refugee got here it’s because they’re window shopping for a country and have already passed through several save countries to get here. 

The nearest geographical safe countries should be the only option they have."
reddit_b9c320d020a74e93,President Trump violated his oath less than 24hrs after taking it when he tried to deprive those born in the U.S. of the citizenship they are constitutionally guaranteed.
reddit_ba55b7731232c5bf,"What a privileged take. I’m not even pro guns, but you fail to acknowledge people who live in more dangerous areas who actually live in fear of being mugged or their house being broken in each day. To those people firearms are used for self defense."
reddit_bb01820131642e47,15th and early 16th century it was 0% white. Fucking immigration is ruining the native economy and culture.
reddit_bb681dfbda6da34f,"Fuck the Guardian and their ragebait bullshit 

The entire world pollutes (Canada only accounts for 1.5% of total global emissions). 

Our country gets rocked with forest fires due to climate crisis caused by entire world polluting."
reddit_bc25ae6804f261d3,"Stupid hippies worrying about greenhouse gases and pointing fingers are never going to save the world from anything. 

Once again, it will be inventors and engineers and industrialists who will solve the problems just for the money they will make."
reddit_bc310c8396943fd7,"""I think it's worth [the] cost of, unfortunately, some gun deaths every single year so that we can have the Second Amendment to protect our other God-given rights. That is a prudent deal. It is rational."""
reddit_bc4416d31dffab8c,that is because in the Catholic Church every sexual act must be in the in light of the opportunity of having a baby and contraception makes this impossible and abortion is literately murder so that is why
reddit_bdb42e4e76906b65,So you only want abortion when it benefits you? Thats pretty low lol. “I think abortion should be banned but if a man doesn’t want a kid then he should have to be responsible” Why can’t men be responsible for their actions? Why??????????? Your argument is so stupid omg
reddit_be799ba2160ae782,"The dude was scum he literally said that if his 10 year old daughter was raped he'd force her to take the child to term he isn't a human being man he's a demon as the republican motto goes on abortion ""save the fetus starve the child"""
reddit_bf30041212751f6d,So that I may be able to defend abortion being wrong with a scripture and it being clear. Because this is one of the topics if not the only topic where people are like “oh but God killed all the first born babies” Have a good day.
reddit_bf800cc907c52c0a,"Then abortion should be authorized to save their lives yes, but it should be as a last resort because the life of the foetus is also important. But you must recognise that most abortions are not justified by such cases and are only done out of comfort for the person."
reddit_c0b8fe1e30798e6a,"The crime is that he's here illegally. The inference that he's such a bad guy is just icing on the cake. 

Our whole point is to get rid of assholes. Illegal immigrants just shouldn't be here"
reddit_c1ac30431d4eee56,You are misinformed. I consider my self conservative and I agree with all 4 of the things you said. I find it interesting that you include killing children. I know many on the left support killing children and call it reproductive rights.
reddit_c1e3857369ad7f4a,"Yeah, I don’t think celebrating his death is right at all. Especially because he had children that will suffer now because of it. I just don’t feel any empathy for him, but if I could I would choose for him not to die. Nobody deserves to be a victim of gun violence."
reddit_c2fb44ea89d110a3,And they announced that they want to start taking away guns from trans people. So the party that supposedly defends the second amendment....
reddit_c37073745a6554bd,"Ok, try it. See how that works out for you. Until then, every gun control law is blatantly unconstitutional"
reddit_c430a28926df6577,"Bullshit.

I am very much against the death penalty but that doesn't mean your argument holds water.

Being pro-life is about protecting unborn children.

Not cold-blooded murderers."
reddit_c60bfdd76c1716a3,"Why would you give into their ignorance? PP offers so much more than abortions. Stupid white males don’t care about reproductive health when it comes to women, even their moms, wives and daughters."
reddit_c66b0cb5a9a6b29c,"Imo, the President should declare that fetus' are human beings and therefore protected by federal statutes against murder. No new laws needed and federal law enforcement should proceed to arrest and prosecute any doctor (or as Pope Francis called them, ""hitmen"") performing abortions"
reddit_c66bda663865d3d9,I would protest forced vaccines. I would never protest bans on unvaccinated people in high risk areas. That is a public safety issue. Abortion is not.
reddit_c6bacec5ecc3a9b9,Next is to suppress people and ban protests and human rights and working rights and LGBTQ rights and abortion rights
reddit_c82ec56014ca3c4b,"Hasn't been a drought everywhere but the current administration has a policy for that, too:  ""Drill, baby, drill.""  Remember, climate change is a hoax and it's all in your head. Now go out there and pay more! Go America! Make the rich richer again!"
reddit_c906ad7eacbfaf17,It's less than 1/10th what industry emits. Stuff like this is just an attempt to deflect responsibility onto individual choices. If we all decided tomorrow to stay home and never travel again it still wouldn't come remotely close to solving climate change.
reddit_c959e60e2cfc4993,"Cause gas will be down next week and you'll just shut up.  Things happen all the time in the global market. 

Its like screaming global warming every time we have a warm day. 

Yes,  major things are happening. No it mean every change is related"
reddit_c99b07616477170c,Godgiven right to be thoughts & prayers peaced the fuck out by a 2nd Amendment rights law abiding citizen while on stage at a political rally is indeed protected AF in MAGA America.
reddit_ca71753c273dac3d,"We don't need immigrants who don't work, do low value work, don't pay a lot of taxes, and are culturally incompatible."
reddit_caa95b7930d456a0,I mean you dont have to talk shit x) his tweets and constant support for gun rights speak for themselves .
reddit_cb6cc12f8cdc5380,I love posts like these! Some think it’s the end of the world while others are outside enjoying the weather. The climate is always going to be changing no matter what you do. Most are not going to adopt clean energy to make any real difference and did I mention how freaking nice it is outside???
reddit_cc59d23dc91398a6,Yeah because the Republican Party decided that it would rather abandon free market capitalism than abandon fossil fuels
reddit_ccb8e45dd77e77e3,"Just wait for climate change to catch up to how idiotic our politics are.

The shit we fight over today? Meaningless. Just wait 'till we're all fighting over food & water."
reddit_ccc05cfd29392148,The right to self defense (which guns enable) is one of the most fundamental human rights imaginable. Gun rights are human rights and some of the most important rights to exist
reddit_cd16de72b65d19c8,"His record is pretty tedious, anti abortion and being vocal on the dangers of trans use of bathrooms isn't a great look for a leftist."
reddit_cd261e82803e3175,"Totally agree. Putin makes Oaks look like junior varsity.

We've got a country with no gun buyer background checks and over 300 mass incidents already this year.

I don't go to large gatherings because of this. 

Stay safe everyone‼️"
reddit_cdee2a87d37496fb,This is why you carry a firearm. But judging by these little dumbshits they probably don't believe in that.
reddit_ce9a8d4dffa5b606,You have to be a special kind of stupid to think being in support of 2A means you support gun violence.
reddit_cf9889f1c8fef63c,"Every mass SHOOTING has one thing in common, and Americans are far too stupid to do something about it"
reddit_cfc1ad03074d581f,The violent murderous people are the violent murderous people committing murder lmfao. The reason we need the second amendment is to defend ourselves from those violent murderous people.
reddit_d0477d0a4eb16adc,"Just go with what Chappelle said.  If you have the right to kill it, I have the right to abandon it.  Just allow unfettered abortion and no male parental responsibility, and it solves itself."
reddit_d0daa2ab53089740,"He wants parents to decide what happens to their children's bodies. So, I guess care for transgender kids and abortions for 12 year olds are ok if the parents want it, right?"
reddit_d1caedaf17abc95a,"The benefit coal/fossil fuels has compared to renewables is ability to rapidly up or lower production based on demand.

The world will use it til that gap is filled. Grids for renewables are also far less stable and more complex."
reddit_d1ecaa915bd01cdd,"Nope, the safest US states from gun violence are the least religious.  The safest countries on Earth are also the least religious.

The overwhelming majority of people who support unlimited access to guns and couldn't care less about children being shot in school every day are religious."
reddit_d2adc94b333081cb,"If you're THAT set on never having kids, why not get a vasectomy or tubes tied? Seems like the most permanent and reasonable choice instead of relying on abortion as ""last resort birth control""."
reddit_d2b7d97863165b5b,"True, true and true. Gas prices are the big problem and we have only ourselves to blame. Newsome and the gov of California kill us with their green new deal bullshit ."
reddit_d2e4c87fe7b1fcac,"We should also look within the party. Heather McPhearson has been pro-pipeline and I'm pretty sure her husband works for Enbridge, which seems like a conflict of intrest if we want to focus on climate change."
reddit_d3e7c462e2943db4,Nothing but climate change agenda in full swing theres a weather warning everyday these days what a scam
reddit_d4565afd414ae9e7,"You ever seen an abortion? Being pro-abortion is the most barbaric stance a person can have. 

Millions of babies have to die because a 10 year old may get pregnant?"
reddit_d4ebf07ce76440cb,"I didn't think getting replaced in their own homeland is ""doing well"", I don't think having a fertility rate so abysmal that you are forced to take in migrants despite being very unpopular is ""doing good""."
reddit_d5b0cdddff664d22,"We going to ignore abortion, UBI, criminal justice reform, gay marriage, universal healthcare, drug legalization, small military?"
reddit_d614d8ad5a76db29,"Maybe because we don’t hate immigrants? We don’t even hate illegals, we just don’t want people in our country that aren’t legally suppose to be here, keyword being ‘legally’."
reddit_d717453aaa8eb496,"Hottest on record… but it’s been hotter, much hotter.

Climate change isn’t man made, it’s been accelerated yes, and we can try to minimise our further impact, but shit like this just fuels the ‘reverse climate change’ bullshit like it was invented by humans!!!"
reddit_d7d057009ad3d241,"If they’re successful at classifying trans as a mental illness, gun rights are the first of many rights that will be taken away. This timeline is so fucked."
reddit_d7de096651dd5176,"The only reason they are against solar and other renewable energy is because democrats support it. The vast majority of conservatives have never and would never live in a podunk coal town, nor do they even understand let alone care about where their electricity comes from. It's so fucking stupid."
reddit_d80fd826116650ce,"Yeah so the handful of times this occurs doesn't merit the 90 million abortions that have happened. 

Yall OVERWHELMINGLY get abortions out of convenience. Fuck off with this sub story shit. Everyone sees through it now."
reddit_d8a53a07af5268e7,"Yell and point fist at the clouds. 

Extreme weather will be more common in the future. This is known for a long time now and many people are still in denial. There's very little that can be done, except preparing for that and lowering emissions to hope for slowing the climate change processes."
reddit_d9619ec78e91adf6,"""Climate change"" lmao China produces 35% of the world's CO2 emissions, the largest in the world. The US is second but we're actually trying to reduce our footprint, China does not give a single fuck"
reddit_d971baf75fd50e7e,Yet they haven't figured out its the billionaires that cause all their problems while telling them its the immigrants fault.
reddit_d988bd271dee2940,"Just because you cannot justify government force to punish abortion, does not mean that it not wrong.

The parents of the child have agency, and they are responsible for the child's existence."
reddit_d9b83db5bc4a087e,I keep forgetting that the trans panic really ramped up after they caught the car and ended Roe v Wade.
reddit_dbbfdd66320c9920,"Illegal Immigrants do not have constitutional rights nearly to the extent to which they are granted by today's sanctuary cities.  They are entitled to a hearing before deportation, that's about it.  Now get the F out and get in line legally, if you have money and skills to make America Great again."
reddit_dc86b747cf5b53be,"There's a lot of conflicts to the Hippocratic oath in Christianity too.  Can't get an abortion in some US states even to save the life of the mother. 

First do no harm my ass.... 

But yeah, Islam bad, Christianity good? 

Your all a bunch of cunts.."
reddit_dd54a01671019ad7,"I feel like some of these people think leftists are pro-abortion. No one is like ""I'm going to get up, get some brunch with the girls, work out, and then hit up the abortion clinic for fun"". The whole point of being pro-choice is that it's an option if someone wants or needs one."
reddit_dd874ee55db9f656,Evangelicals will never sever themselves from the cause as along as he remains even plausibly anti-abortion. Not gonna happen.
reddit_ddab4d0a61a3d11f,"yup. I'm seeing nothing but the ""radical leftists must suffer consequences"" rhetoric right now, and would not be surprised it they decide half the country shouldn't have 2nd amendment rights anymore."
reddit_de73d99b5d6b51d0,"I never saw ""freedom to harass"" when I read the second amendment, I'm confused.

Are you saying that since you got a gun, you just do whatever you want?

If you're saying to SHOOT someone because they touched you, you're fucking psycho and should be locked up, much less carrying a gun."
reddit_def405ede4cf52d5,"It should be more difficult to obtain firearms. It's way too easy in some states. Hey mod deleting my comments, go fuck yourself."
reddit_df62111fd8211fdb,"They try to silence and cancel people they don’t agree with, most far left people want gun rights taken away, and they usually are against any Christian religions, and would try and remove it from anything they can."
reddit_dfc35ae4aba75740,The only thing you could’ve done better was point out the lack of memorial post for the high schoolers who passed from gun violence.
reddit_dfdde254c6eb2c3d,"Birthright citizenship shouldn’t be a thing and it’s a national security threat 

Just because an individual is born here because their mother was on a vacation or broke the law to enter doesn’t mean they should be a citizen. 

 Children of lawful long term residents in okay with"
reddit_e099e8b3c41a73e8,"Speculation and opinion which is just plain wrong. 

Electricity prices are climbing because of connection bottlenecks, large scale government attacks on the cheapest forms of energy leaving projects stranded, and climate change fueled disasters damaging infrastructure."
reddit_e1477931b2f6fe6b,"When you read the article it's like people in the South arguing why they need slave labor to survive. They don't see immigrants as people, but something to exploit and take advantage of for personal gain."
reddit_e2113a9e614a8bab,Can we talk about how millions of kids are killed every year from abortions by you sick and twisted lunatic liberals?
reddit_e226d13acae01b2f,"Less sick than defending gun rights for the past ten years after every single school shooting. Less sick than the president being a child rapist.

Stop clutching pearls."
reddit_e25ad59be747a84e,If you dont see any problem with the extremely high immigration numbers then you are truly stupid lol
reddit_e31a01364cefaf24,"I’m vehemently against illegal immigration, but you’re right , the migrants are just doing what’s best for themselves as anyone would. It’s out fault for torpedoing proper deterrents like Rwanda."
reddit_e3a331e94ce9f772,"No matter how you try to spin it, an abortion is killing a baby. Obviously Christians believe that you shouldn't kill a baby. Any decent person should agree that killing babies is wrong."
reddit_e482c73400576585,"News anchors watch a person steal from a store live on TV and are forced to use the term ""alleged criminal"" because they haven't been proven guilty in a court of law. At the minimum, News Anchors should phrase climate change as ""**alleged** climate change"" since it is *not proven science*."
reddit_e4fce0faf922b189,"I would assume that Dem dominated states would get backwards laws off their books if they exist.

If California had a law banning abortion, I’m assuming they would remove it…"
reddit_e5201eca48db8a12,"Yeah, you're right, given the rapidly emerging terrorist threat from the American left we should maybe reconsider gun control"
reddit_e53f68b733d8144a,"The irony of Trump getting a photo op with these smart kids, when he's out there denying climate change, fighting hard against clean energy, shutting down carbon monitoring satellites, gutting the education system, and doing his level best to make the US stupider.."
reddit_e572dbdc3329edd6,"Their lives suck and they need someone to blame that on. Their politicians have convinced them that it is the immigrants, the left, and the queer who are making their lives suck.


They need to wake up and look at who is feeding them bullshit."
reddit_e67abd3f177e7458,"She shouldn't be.  Abortion meds picked up at the pharmacy are used for miscarriage.  That's evil.  After a loss,  she has to explain why she doesn't want sepsis.... really?"
reddit_e6e9b3dbf36c6b5b,"A motive for genocide is also LOCATION, removing human beings from their homes. Abortion is ABSOLUTELY genocide."
reddit_e7c5dc4ae753cf96,"First it was targeting undocumented immigrants, now it is targeting a marginalized group of American citizens. 

They'll continue to target larger groups. When will the breaking point happen?"
reddit_e7d17a6bf23a93c2,"The difference is constitutionally delegated responsibility vs government overreach. The federal government isn't responsible for Healthcare, research, or food. It is responsible for enforcing immigration laws"
reddit_e81b7cd251d7276c,"""Violent, criminal illegal immigrants have no place in Arkansas""

Me when I let pedophiles back out of jail.

Can't wait for them to round up all the Englishmen/Aussies I know who are here on old paperwork. Surely they'll go after WHITE immigrants right?"
reddit_e88509b87d1f55d7,"Just following his wishes bro

He'd want us to send thoughts and prayers to the family for this completely unavoidable, and worthwhile for maintaining our 2nd amendment rights, death."
reddit_ea07c5559c4af2e0,"Now we know they’ve been cheating to attain their CDL, makes me wonder if insurers will step in and require strict oversight regarding immigration status, licensing, and English skills."
reddit_eaec7cfea016548a,"Any carbon tax does nothing to help the climate, its just another tax to impoverish the lower classes. When we are reduced to eating bugs to “save the planet” the uber rich who are behind the climate lie will still be enjoying their lavish lifestyles."
reddit_eb1186db056aec80,"He never once downplayed kids being shot in schools. Supporting the Second Amendment does not equal ""downplaying kids being killed"" they are 2 very different things, and you people are too stupid to know the difference."
reddit_eb17689bd9083e00,"Lmaoooo hey dickhead, when women no longer have access to abortion and birth control that’s an impost on their lives and basic rights. 

🤡🤡🤡🤡🤡🤡🤡🤡🤡🤡🤡"
reddit_ebca74fa22ee6bfd,"There is a magic wand. Vote Farage in.  You will have daily flights with immigrants on it.  It will be ugly, unfair and effective!"
reddit_ecdd294ca3ecc1fd,">Thats so egregiously bad and we should end that.

Why? We're a country literally built on the backs of immigrants. I don't think you understand the level of pain that would cause the economy as a whole, and it would strain every piece of our social safety net as well."
reddit_eda45d7733244142,Because the vast majority of conservatives have consistently voted for leaders to end abortion rights?
reddit_ee470855ffc18f89,"Because the negative side of immigration is the unskilled immigration who tend to end up in working class communities. You know what working class means, I’m using the generally accepted definition in everyday parlance"
reddit_eebf0bf614c70f4e,"Just to highlight how full of shit (and dumb) they are,

I addition to slashing renewable energy investment/subsidies, the Trump admin also opened up natural gas exports.

Together this means less energy supply for the U.S. and higher electricity costs."
reddit_efd94084353cb93f,Guess who’s holding all of the cards in congress?  Lame excuse with the lies of the democrats wanting healthcare funding for immigrants.  The healthcare funding is for 20M Americans with Medicaid and Obamacare.
reddit_f0cbfe5c424115b4,"Sorry what? How? 

The appeal of H1-B workers to big tech companies is that they can use the visa as leverage to pay the immigrants less than their American counterparts. The visa program is depressive to American wages who have to compete."
reddit_f0dc3a0efe35e2ba,"These idiots think that people from the left don’t carry guns. God forbid, if someone is attacked by the lunatics, I hope they exercise their second amendment right."
reddit_f1ab9064acee9ee5,"If you support state restrictions on reproductive freedom, then you don’t actually support it for people you politically oppose.  There are people in Texas you politically oppose, and you seem fine with restricting their freedoms."
reddit_f1f15a9201980cf5,Amazing right? But nah it's must be big bad Carney not the greedy oil and gas corporations. Anyone who believed them that a carbon tax is the reason for high prices is an absolute fool.
reddit_f207646e38719ed3,"I'm sorry dude, but if you are pro-abortion, you are absolutely being satanic. Murdering babies is acting on behalf of Satan.

You need to do some serious reflection, prayer, and repentance."
reddit_f247ecd3154c082d,"If you are here illegally, you should be deported 


I don’t get why the lefties care more about illegal immigrants than their own fellow American citizens"
reddit_f3151209b928f8c8,"Gun rights are human rights, it's just that many countries don't respect human rights. Their people don't have the freedoms they should have."
reddit_f3410e211e3b93c7,Absolutely. I have 3 children already. A 4th was never an option. Chose a medical abortion after a failed morning after pill. I can honestly say that I am completely at peace with my decision and I am happy again.
reddit_f3bee10e7123abfc,"I said Pro-lifers are against murder. I never said anything about my own view. 

And yes, pro-liefers DO think it is murder. I don't care what you think it is. Pro-lifers believe that it is murder no matter what Dean Withers says lol."
reddit_f3bf0acc4c7051aa,"So says the biased news you read and believe.  Many of the street abductions are that already got their due process (had orders of deportation), and no one is forcibly deported without a hearing where they can show they are here legally.    Does your news say that?"
reddit_f3dd113904cac7b8,"You must live in a fantasy land, I have yet to hear of a conservative politician in America who's making these laws that thinks the medical abortions are fine 😂"
reddit_f4be3282bf273c27,"It’s fine to ship hundreds of millions of tons of coal to China for them to burn for cheap electricity but we aren’t allowed to use it here because… checks notes, climate change? Lucky that all the co2 that China generates only affects them I guess."
reddit_f4dada58b04ee2e8,"No, because this sort of restriction could be manipulated; besides that, there are already background checks. You obviously know nothing about gun ownership."
reddit_f4f5331e961e0feb,"Because curbing consumption is antithetical to the global neoliberal hegemony. 

It is not in the short-term interests of capital to address climate change so capital invests in propaganda and politicians - things with immediate returns."
reddit_f5208bb9c045c008,"you say whilst claiming immigration destroyed whilst ruining my country! lol! lmao, even! póg mo fucking thóin mate"
reddit_f623cc38290d61ec,"Oh shut up you fucking hypocrite.  And while we're talking, go ahead and come for us.  2nd Amendment works both ways."
reddit_f62612ddf1c82442,Abortion is choosing to lose your child. Miscarriage is not choosing to lose your child. You simply cannot grieve the same
reddit_f71e19be28942a73,A foreign nation invasion or our own government becoming tyrannical is the literal reason for the 2nd amendment.
reddit_f7827485c9e7efd2,"Curious, have you flown in a plane? Drove a car? Used air conditioning? If so, kindly shut the fuck up when it comes to telling me or anyone else about our “carbon footprint” or whatever nonsense you maniacs push with your pretend emergency “global warming” or whatever you call it now."
reddit_f7bbab074b0cc8ba,When I was growing up we’d re-use gift wrap because we didn’t have much. This level of waste is honestly just wild. The world is going to burn from climate change because of the overconsumption of people like you.
reddit_f87fe83fd188665c,"That’s how u create a strawman out of a man. He never implied that, he said that he is against abortion, large scale abortion practices where abortion is used like a contraceptive instead of a last resort."
reddit_f8a26b156bb62196,It's the fucking liberals who are dragging immigrants through the mud. Program should have never existed outside of farms.
reddit_f9bc4c68919b1739,"…And then refuse to take any action whatsoever. As I said, gun violence is glamorized and enabled by inaction from those in power."
reddit_fa3e8212d58586a8,"Their own rules? Immigration law has been quite clear for some time that coming here illegally is ""bad.""  Lol."
reddit_faa375cd3d656b4a,"They are very religious and align right wing because of that. They may even vote on a single issue like abortion without bothering to understand all the other issues. In this case it seems their narrow focus lead them to finally realize that while they won on a single issue, they lost on 10 issues."
reddit_fb4b9ade4127e8fd,"I have followed the conservatives on abortion since 2011, I’m not even going to humor this honestly."
reddit_fb4f8b7974474262,">Neither side is correct

One side wants a dictator and is eroding civil rights for women, immigrants, and LGBTQ people 
The other side wants to preserve democracy and civil rights"
reddit_fb7817bb802d0fce,"this - a thousand times.  Most ""pro-life"" folks are actually pro-uterine-life; after that, you're on your own...."
reddit_fd3bf13a558f76b7,The second amendment is more sacred than the original crucifix. But apparently all the other ones can get fucked.
reddit_fd556f256518eb01,"Look they can deny climate change but still believe the government has weather controlling devices . Stupid is as stupid does, usually doing something stupid"
reddit_fd68a101a4d9d4e4,"Here that guys? Climate change is a ‘myth’ made up by stupid people and global warming is just a ‘con-job’..

(I’m tired, boss 🫩)"
reddit_fdaf25ed82571e77,"Not a chance in the world that man-made climate change will reverse in even the next 100 years. Wherever you read 'will be gone by 2030', you should confidentially delete these news sources. Waste of time and your attention."
reddit_feb0cf049fa6bf5b,"Ah, your history shows that you’re a red hat MAGAt that hates women and immigrants. 

You probably believe Trump is the son of God too."
reddit_fefa2fc675c97263,"“Republicans Rethink Their Views on the First Amendment…But The Second Amendment Remains Safe”

There. Fixed it."
reddit_ff0c7cd89907443c,"If you can't live with yourself after an abortion, then you don't have an abortion, period.

You and he can give the child up for adoption. Handled."
reddit_ff127514cf4c525a,"If Hitler himself were running, all he’d have to say is ‘they’ll take away your guns’ and ‘abortions’ to win. Nothing else matters."
twitter_0011616b8c8f2858,"Abortion of potentials is a massacre of purpose. You don’t get the fruit because you killed the seeds!

BRING BACK AWEZ DARBAR

TEAM VILLAN D"
twitter_00e1f7c59a71868f,"It’s just so awful that gun violence has been completely normalized at this point in America. More and more shootings continue to occur, lives are senselessly lost and NO action is taken. It’s disheartening and deflating, really. It doesn’t have to be like this."
twitter_019ea46e4ee35de7,"If you follow catholic teaching about abortion on the grounds that it involves taking innocent life, you should also be against war in 2025 since that too involves taking the innocent lives of children and of babies still in their mothers' wombs."
twitter_01ca1fc9c453cb2d,"How the hell are we supposed to keep up with it all? Comin' too fast &amp; furious for us, gang! I'd barely had a chance to mention Sunday morning's mindless mass shooting in Michigan. Now this!

Two dead, several wounded after gunman opens fire at Texas casino late Sunday night."
twitter_01ee2a186796122b,I've lost patience for stupid people in here who defend abortion and keep talking in circles. Auto block from now on
twitter_022006aad8f4067b,"Fuck Donald Trump.
Fuck ICE.
Fuck all the house Republicans that didn’t show up to vote. 
Fuck MAGA.

RELEASE THE EPSTEIN FILES‼️‼️‼️"
twitter_02795494ebef9f85,"Another fucking shooting. Is it the fucking guns yet? It wasn’t a trans person this time!

I’m sick of these thoughts and prayers motherfuckers doing jackshit about these fucking shootings. 

Establish gun control, fix the 2nd amendment or do something with it to fix things!"
twitter_030a527d7b81659f,"Everyone needs to hear this. There is no debate about man made climate change, we can literally measure it with satellites right down to the specific wavelengths that are being absorbed by GHG's. Anyone telling you there is a controversy is blatantly lying."
twitter_0444b0321cf622e3,"So, again just bringing up the fact UPS hires illegals. With peak coming up, wouldn't be nice if ICE would do a sweep of all UPS facilities and the personal vehicle drivers that don't even speak English?"
twitter_0448931a2ecf1875,"Foreign visas should be capped at 1M total until such time as the immigration crisis is under control. To defray tourism impact, hotel rooms, charter busses, and transport should be purchased at public expense for YOUTH, SPORT, and CULTURAL ORGANIZATIONS supporting nationalism."
twitter_05ffb51ed38ff21b,"“Men shouldn’t have a say (about abortion)."" BUT Biblical Perspective:

Proverbs 24:11 - Rescue those who are unjustly sentenced to die; save them as they stagger to their death."
twitter_06917bcaf341332e,Concealed carry permits are for pussies. You such a tough mf? Carry that shit on your hip so we can all know who's so insecure about their choices they're afraid for their life.
twitter_0735057d44610df6,"Unsafe abortion is the major cause of maternal deaths, especially among adolescents. Do you think abortion should be safe and accessible regardless of the age?"
twitter_0775ce958e30c9bd,"ICE will be at the Super Bowl, LMFAO. This makes Bad Bunny even more hypocritical if he still performs. Props to the Trump admin for trying to force him out, this is actually hilarious. This awful decision is going to lead to fucking Kid Rock doing the Super Bowl."
twitter_08185c5d3fd8030a,All the people who are leading the ‘climate change is a lie’ schtick are all old af who will die long before the effects take place and will happily let us younger folk deal with it
twitter_093c8ffee56272a2,"A woman who demands further gun control legislation is like a chicken who roots for Colonel Sanders.
– Larry Elder"
twitter_0a23476644ee5502,"BREAKING: An Alabama man arrested twice by ICE at a construction site, despite showing them proof of he's a US citizen, is SUING. It's a class action suit. 👏 GOOD. Every penny of ICE's budget should go toward paying people they've hurt."
twitter_0a8cfc79cc53853c,"The loophole Dems used like a $5 hoe at the Snooty Fox Motel. Give all people who came here ILLEGALLY during Biden's term ""Asylum"", which no longer considers them as ""illegal"", then provide them ""State-funded"" health and assistance coverage, all subsidized by ""Federal"" Taxpayers."
twitter_0d03597fca9b178c,Democrats saying no taxpayer money went to or will go to illegal aliens is like them also saying in 2023 that we don’t need immigration reform because it’s already illegal to cross the border and at the same time saying the border was secure! Does anyone actually believe this
twitter_0db5d3adfe5790a7,"It’s been so surprising to find out the misconceptions people have about abortion and everything surrounding it,women need to be  better educated on their options and how it “costs” if there’s any payment at all."
twitter_0f341612b946f0ed,"🍊 man is using the military to target black neighborhoods saying it’s only a ice raid but it’s actually illegal stop and Fisk, entering homes without a warrant and arrest anyone with a warrant"
twitter_0f4971f41b9bd54a,"People here are telling me I'm not a Republican. I'm prolife accross the board. I'm for low taxes, limited govt, and gun rights. I believe in family and tradition. I'm a practicing Catholic and a legal originalist.  If you're reading *me* out of the party, the problem is with you"
twitter_0f8c52a34793b74f,"Environmentalism is the powerful new secular religion and politically correct scientists are its high priests, rescuing the planet from the apocalypse of climate change, as the Doomsday clock ticks down.
– Miranda Devine📸🍣"
twitter_0fc6667e9ac3b4df,I live in Oregon and I will not go to Portland because of the bullshit and I don’t understand why all these freaks are running around trying to stop ice and the feds they must not have got enough love at home shame on their parents.
twitter_1027a38a484d85ff,I hate the argument that “illegal” immigrants don’t have to worry about ICE being at the super bowl during bad bunny’s performance cause they can’t afford Super Bowl tickets as if your immigration status dictates how successful you are.
twitter_1087110540f601db,"“Men shouldn’t have a say (about abortion)” BUT Biblical Perspective:

Proverbs 31:8–9 — Speak up for those who cannot speak for themselves; ensure justice for those being crushed. Yes, speak up for the poor and helpless, and see that they get justice."
twitter_10a2d09a7cdeab64,Trump supporters are so dumb they literally asked who gave a Puerto Rican Bad Bunny a visa. Puerto Rico is part of the United States. You can’t make this up. They can’t even hide their hateful nasty nazi demonic weird uneducated ass spirits.
twitter_10a5698d537e7c26,"If we could hear and see the screams and struggle of a baby being killed in the womb, I think abortion would have been abolished a long time ago."
twitter_10e2a2fd36936dea,Today the largest abortion mill in America closed. Worship with your whole body. This was done through Christ alone 🙏🏼
twitter_11ab0d1c18251423,The bastards overturned Roe v Wade. Do you think they give a shit what you think or believe? When did people become so myopic that everything they want is the only way? So dichotic in our opinions that we are forced to react constantly lest the other tribe gain the upper hand.
twitter_11e8297d7504a414,"Abortion is a heart issue and -- as salt and light to a world in need -- change MUST begin in us, church. Talk to your Pastor today about getting involved in the greatest human rights movement on earth."
twitter_135cb82e54764618,All Planned Parenthood locations in Louisiana are being shutdown!! It’s an amazing day for the unborn babies.
twitter_13bc626d37d37bdc,So maybe climate change is a result of the entirety of the government blowing smoke up our ass. Not a single ounce of integrity to be had out of Washington. Just crooks and liars. I support none of you
twitter_14e0e8dce9e0f481,"Republicans are making up lies about undocumented immigrants getting Medicaid. 

They're hiding behind this lie because no sane Republican would ever defend intentionally raising your premiums in the name of tax cuts for the rich.

It's bad policy, and they know it."
twitter_15388b8f406f036f,That could’ve never been me tbh cuz I would’ve gotten an abortion. PROUDLY. You gotta be a damn fool to have a baby by a nigga with no job.
twitter_157de00cef1615e4,"Just saw a government ad about joining ICE. Benefits include health insurance and a retirement plan, as well as a $50,000 sign up bonus...

They can afford to allocate tax revenue for such a thing but do so little/nothing regarding a host of problems like child lunches?"
twitter_15c8923974de6ebf,"NRA has wield their 2nd amendment right for everything but fighting a government deploying soldiers on American soil

The electoral college did nothing to prevent a despot rising to the highest office in government

Two institutions shirking what has, until now, been their ""duty"""
twitter_15d1bdcce985ccb1,"Hey Liberals. Let’s cut the shit. “White male shooter” blah blah blah blah blah. So here’s how this is gonna work. I’m a law abiding citizen. I have legally purchased firearms. I filled out the FFL, every gun I own is in my name. You won’t get them. EVER! 

SUCK

MY

FAT

COCK!"
twitter_166720149b1f6891,"The pro-life agenda is basically a very small issue about abortion; it is more of an ideological movement based on the persecution of women, LGBT people... abortion and the right to life is just a cover for the fight to deprive"
twitter_16798347de1fccd4,"The environment is essential for sustaining life, supporting biodiversity, and providing resources. Protecting it ensures a healthier future and balance. We must act now to combat pollution and climate change."
twitter_168421b615c18834,"Nazi's confiscated the guns first thing, then controlled all information (censorship). So can the left stand in solidarity with me that the 2nd Amendment shall never be infringed upon, followed by never allowing a government to determine ""disinformation""?"
twitter_17bc525786145c3a,JD Vance has taken lessons from Trump on how to lie!! Democrats are definitely not giving Medicare to undocumented immigrants!! Total bold face lie! Vance is as nuts as Trump!! A very sick administration in the White House!!
twitter_187860f4cedb8162,anti-immigration activists should recognize advocating for immigration as advocating against the existence of white people.
twitter_18cdc092343da8df,"Our government needs to address this invasion of Islam NOW. It has gotten out of hand &amp; they have no plans of stopping until they conquer us. Unlike other countries we have our 2nd amendment and it may be time to apply it to this problem. GOD BLESS AMERICA. FIGHT, FIGHT, FIGHT."
twitter_1aca3d26d40808ff,"So he built a golden ballroom, tax cuts for the rich, pumped money into ICE and now they've run out of money. What did they think would happen."
twitter_1b43a0db4e578182,"Collectively, how long before we forget about the mass shooting in Grand Blanc, a week? 14 days? Because that is what happens today in America. We are so desensitized, so often to ""Normalize"" it, we brush it under the rug until the next shooting, so we can do the same again."
twitter_1b73173284c64711,america should become better so queer people (me) can go shooting with firearms that make their (my) dick twitch
twitter_1d17abb055446f39,F**k off. The Church and all Popes supported capital punishment for centuries. Taking a life requires the that a price must be paid in this life. Abortion has always been considered profoundly evil and wrong.
twitter_1d9aaa48fabbd6da,"“No more identity months, DEI offices, dudes in dresses, no more climate change worship, no more division, distraction or gender delusion, no more debris. I've said before and will say again, we are done with that shit”

I’m glad he's saying it out loud 🙌"
twitter_1e9a44b0d1b5570f,"nearly every social and economic ill we face today in the US and Europe is because we let the left control things and push their agenda the past 50 yrs. 
Can’t afford a house:
left wing regulation and immigration policy.
not safe: left criminal policy, welfare, anti-religion etc-"
twitter_2039bc55cd4241c7,"MAGA, what did you WIN when Trump “won”
Chaos?🏆
PedoPotus?🏆
Criminals on the street?🏆
Inflation?🏆
Military occupied towns?🏆
Food shortages?🏆
Polluted water?🏆
Climate change disasters?🏆
Compromised natl security?🏆 
Misinformation?🏆
Contaminated food?🏆
Unemployed🏆"
twitter_20818a41314e8141,What the hell is going on with Antifa in Portland? They have been designated as a domestic terrorist group yet they are allowed to advance on ICE agents and ICE or any LE officer has to back down??? BS take them down and throw them in jail NOW !!!!
twitter_20c16d9b1bbd55fe,"Trump torches many climate alarmist leaders at the event. 
He called climate change “one of the greatest con jobs"" ever. 
Trump's critique of the UN comes as his administration is attempting to cancel millions in funding to UN agencies and other international organizations,"
twitter_21babeea97f6b1b3,"The hypocrisy from the left just keeps getting worse. Scream for gun control but only leftist are out killing people with guns. Scream to defund the police but have 911 on speed dial. Claim to believe in the Constitution and the Bill of Rights but are socialists. 

WTF DEMOIDIOTS"
twitter_2258c4f4ea003a62,Anyone who doesn’t believe man made climate change is real is stupid. Billionaire oil companies have brainwashed people so they can continue to burn fossil fuels and destroy the planet.
twitter_22d65a4ac4a2ba22,"🌍 The Numbers Are In 🌍

📊 80–89% of people worldwide want their governments to do *more* on climate.

📊 26% of Americans are *alarmed* about global warming.

📊 28% are *concerned*.

📊 Yet ONLY 2% of all giving goes to protecting people and the planet.

Yet there is 1 you."
twitter_22da8c0bd46a08af,Well Patriot's I just figured out why the Democrats fought so hard to shut down the government - This means Law enforcement like Border Patrol and ICE agents busy defending our borders and the nation's interior against illegal aliens WILL NOT BE PAID UNTIL THE SHUTDOWN IS OVER!!
twitter_241b0927356d956b,"And the hits just keep on coming. Now Donald Trump has instructed the energy department to remove words or phrases like ""climate change, green or decarbonization""
I guess because he doesn't agree with global warming. 
The man has major issues."
twitter_2425837b0de27edc,"""Hypocritical""- China Calls EU Out For Double Standards Regarding Climate Change

 As an American citizen, I have to begin with the United States before I give my take on the China vs. EU situation...
One President said it best,
 ""the greatest con job"" - President Donald J. Trump"
twitter_24e1f6db84ce135c,"We are not ""fighting climate change"" we're fighting the psychopaths blocking action as they believe their wealth and power will protect them. But understand that if our ecosystem collapses we ALL lose everything (they'd be last).

So they'll win Capitalism at the end of the world"
twitter_267f15d903cf328c,"SecWar: ""We are done with that shit""

Yes!!!!! Done with DEI, climate change worship, dudes in dresses!!!!!!!!!!!!!!!!"
twitter_26ed9c1815d7261f,"Hey, all of you newly minted Christian Conservative Political Activists out there - What's your plan to stop the abortion holocaust? 

If it's the same as the half-century-old prolife movement (aka the TPUSA non-plan), just quit now. You don't have the stomach for the fight."
twitter_2705228d697dd88d,My very first original post to X.  I just want to say. I am not tired of the winning. The left is dead.  We are taking our country back!  God bless Donald Trump. God bless ICE.  God bless the patriots. We outvoted the algorithms.  We are the majority. And we aren’t giving up.
twitter_280ffca790c5d454,"Democrats have spent the last 50+ years pumping impoverished communities full of welfare benefits, treating the people like cattle, dehumanizing them, making them reliant on the government, and then flooding them with abortion clinics so anyone who does survive can’t reproduce."
twitter_2912fb74598a46f3,"Keep trying MSM but this is what I voted for!  If the ILLEGAL CRIMINALS won't go peacefully, we will use force.  The DIMS have NO problem at all with force.  Also, NO reason for that ""reporter"" to be in the elevator with ICE!

Photojournalist hospitalized after masked ICE agents"
twitter_2941482105d9c8a6,Can the climate change hurry up and just take all of Miami into the Atlantic sooner than later please and thank you
twitter_2c7dcb70561da4c1,"""No more identity months, DEI offices, dudes in dresses. No more climate change worship. No more division, distraction, or gender delusions. No more debris. As I've said before, and will say again - we are done with this sh*t."" 

- Pete Hegseth"
twitter_2da2a1cded07ea47,"""There's no question about it: the climate crisis is happening now and we need bold action to address it - and that includes investing in electric transportation and rebuilding our infrastructure."" – Alex Padilla"
twitter_2eba901b6b930372,"On this very day eight years ago, fifty-eight people unfortunately lost their lives as a result of the shooting that took place at the Route 91 Harvest Music Festival.

Fifty-eight people.

And eight years later, gun violence is only continuing to get worse."
twitter_2fd3da75aaeabcee,"I'm sick to death of the de facto rewriting of the second amendment that has been foisted upon us Americans, done without a Constitutional convention, a rewriting that eliminates the prefatory clause “a well regulated Militia, being necessary to the security of a free State”."
twitter_2ff38c3070680b4f,"""ICE goes masked for a single reason -- to terrorize Americans into quiescence. Small wonder ICE often seems to need our respected military to guard them as they go about implementing our immigration laws.""

Reagan-appointed U.S. District Judge William G. Young 9/30/25"
twitter_301cd33a6aca4155,"Conservatives say that the 2nd Amendment is for hunting, sport, self defense, and keeping enemies foreign and domestic in check because that's what they use it for.

The far-left says it's used for murder and terror because that's what they use it for."
twitter_33bc49da6fe43f43,AMERICAN LEFT!!!:  GO TO HELL WITH YOUR GUN CONTROL AND YOUR GUN-FREE ZONES.  GO TO HELL WITH YOUR ANTI-TRUMP RHETORIC.  GO TO HELL WITH YOUR ANTI-CHRIST ACTIONS.  GO TO HELL WITH YOUR ANTIFA.  ACTUALLY - JUST GO TO HELL - ALL OF YOU!!!!!!!!!
twitter_345744f036770e84,So JB calls federal law enforcement Jackbooted thugs. . . I seem to remember NRA saying the same thing about an out of control ATF and all kinds of hell breaking loose. . .
twitter_34afefe387a213a9,"Got random anti abortion protesters with signs and shit next to my bus stop. Never thought I'd see that in my ""small"" town lmao"
twitter_3562cca56e67d978,"We need a new census that excludes anyone, not a US citizen. If blue states and sanctuary cities want to pay for illegals, then they can pay for it, but they should not be allowed more house members because they aid and harbor those here illegally."
twitter_361723d9dab2330b,Biden mom should have had an abortion because Biden and his family are the most corrupted in American history!
twitter_365863c2c1c979f0,I knew all those heavily armed 2A gun fetishists were just s bunch of cosplaying pussies who’d fold faster than a french pair of panties when a Tyrant came to take American’s god given rights away.
twitter_387b5a5ac651a412,It's difficult for democrats to push gun control when armed democrat terrorists are murdering innocent people.
twitter_39bbae0968c13238,"Remember Ronald Reagan 
Thanks for letting undocumented immigrants &amp; others to get emergency service.￼
 ONE FOR HUMANITY"
twitter_3b06c93d1f3cb2ea,"Abortion is an attack on the family and the humanity that unites us all.

BRING BACK AWEZ DARBAR

TEAM VILLAN A"
twitter_3b341f025594d2ad,"New Pope is a moron.

“Someone who says ‘I’m against abortion but says I am in favor of the death penalty’ is not really pro-life”

🤣 

He’s read the Bible right? “Thou shalt not kill” refers to murder. “Eye for an eye” is the punishment for murder (aka death penalty)"
twitter_3b8f70c16b06c08f,The right of the working class to defend itself collectively must not be infringed! In the interests of the public funds must be made available for courses on firearms handling and safety. We demand the abolition of the police and their replacement with militias of armed workers!
twitter_3c79eac98fa05287,"Promoting abortion is a HUGE no-no in the Catholic faith. I hope the Pope truly misunderstood the situation as he said he was unfamiliar with it. There is no such thing as ""well,  they made other contributions"".   Nope."
twitter_3d7bfe64432c3d75,"“Climate Change worship” and its 80 degrees the day before October starts. Boy, if you don’t carry yo gotdamn ass."
twitter_3e98d529f88432b5,"I am asking for health care for undocumented immigrants. I am asking for health care for all of us.

McCaskill doesn't know shit about fuck."
twitter_3fa95d36f0d54578,"Let's keep this simple:
Repugs control the House, Senate &amp; White House.
They own the shutdown. 
Dems are trying to keep healthcare costs from skyrocketing.
Undocumented immigrants are NOT eligible for government-funded healthcare benefits. 
Trump &amp; the GOP are lying.
Got it now?"
twitter_3fb8e1b5eb53f3db,So October is in two days and it’s still 80 degrees out?? And people say climate change isn’t real 🙄
twitter_3fee4c4b1c05a791,"Threat of $8-a-Gallon Gas in California Forces Gavin Newsom to Court Big Oil - Bloomberg

off  course all the global warming nutbags in CA will continue to support him anyway as their Trump Derangement Syndrome requires  they follow anybody who hates Trump"
twitter_440c8367e8ece808,"The corporations profit of our countries resources while destroying the environment all the while pointing the finger, and taxing us to death for climate change. Wake up people!!"
twitter_4475872ef685ccf4,"""No more identity months, DEI [diversity, equity and inclusion] offices, dudes in dresses. No more climate change worship. No more division, distraction or gender delusions,"" he said. ""As I've said before, and I'll say again, we are done with that s---."" BRAVO HEGSETH!"
twitter_44f82233e17519db,Cdn govt gun laws transfer power from the people to criminals and the govt. This is wrong. In a democracy the people are the power. Govt their servants. With the power they become criminals.
twitter_459776580ae64039,"trumps waste no time wanting to take away people's rights of the 1st Amendment/freedom of speech, trying to get people fired from their jobs like jimmy kimmel, removes gun violence public health advisory, etc. but he has done nothing to keep America safe. he is sick!"
twitter_45d045836925cbfe,Biden mom should have had an abortion because Biden and his family are the most corrupted in American history!!
twitter_4725431f9357f6ff,"Do not let the Republicans fool you. While there are a few Republicans who are just allowing themselves to be used by blindly following the Republican party platform, the main reason Republicans are against green renewable energy is because they are in the oil and coal"
twitter_478082019be3c7fe,"I would love it if President Trump would pull all of ICE out of Chicago and let Mayor Johnson run it into the ground. Then, when the citizens conduct an uprising against the mayor for failing to keep them safe, and Johnson begs for help, maybe think about it."
twitter_4780f8484146dbc1,"I wonder how fans especially Ricans are gonna feel about ICE being at the Super Bowl. Seems like they're sending a clear message on what might be the intention there. If it were me, it's not worth it no matter how much you like Bad Bunny"
twitter_48b57de1f22fa206,"I am what is known as a benched Catholic and disillusioned by the church doctrine. I believe in things the Catholic Church does not believe in: divorce being one, and a women's right to choose being another. – Kitty Kelley🙂"
twitter_4a98850e3fbc9c56,"Judge W. Young appointed by Pres. Reagan called student crackdown illegal, a ""truly scandalous and unconstitutional suppression of free speech,"" and.•""The effect of these targeted deportation proceedings continues unconstitutionally to chill freedom of speech to this day,"""
twitter_4b3d47df850c2b01,"The reason our government keeps fucking us over and allowing Corporate America to keep fucking us over, is we haven't utilized the 2nd Amendment. 
Think things are expensive? Wait until you purchase your 1st firearm."
twitter_4cbb18557d49a4cc,iCE is doing too much. How can you pushed down a lady like that you can clearly  see she’s very upset that her husband is arrest to go back to his country. She has the right to feel the way she feels.
twitter_4f47ee32b18010fb,"Christians are more upset about a mass shooting at a church than all the mass shootings at schools slaughtering young children. 
And they’re still screaming to protect their gun rights while asking for thoughts and prayers."
twitter_4f6a61d37e74438d,"If you've been paying attention for some time, you're one of the world's leading experts on climate change and our situation. Does that terrify you? It should do. It terrifies me."
twitter_4fea1c97562971b0,"Another mass shooting in America, this time at a Michigan church. Disgusting act of TERRORISM. I’m just so sick of this being our reality with literally nothing being done to stop it!"
twitter_519d88e6d530eb0b,"If you live in a Stand your ground state, Its your choice if you want to be Robbed, beaten, stabbed, Mugged etc. You have a 2A right and if you don't take advantage of it, Thats on you"
twitter_51c8b495abc31a2b,"becoming an ICE agent requires no degree, no work experience, no skills, and the ""fitness test"" is just 15 pushups in 2 minutes 💀 they're hiring any racist with a pulse"
twitter_535e14ef0d70e7e0,"I have lived in circumstances and in states where gun control was pushed, and I can tell you that it was not until I got a firearm that I really, truly understood what it was like to take back my own form of security.
– Anna Paulina Luna"
twitter_5636400d051f8f50,Apparently this new pope is another Anti-pope. Gonna give Durbin a life time achievement award? To a proven pro abortion politician?
twitter_56398e491e677dcb,"The shooting and arson in the Michigan LDS church this morning should be a warning to all churches. Make sure that you have a security team in place with concealed carry. This is an unfortunate reality because we are in the middle of a war between ""princes and principalities."""
twitter_566b6db03c66be4e,"There is an argument that, in the modern age, the death penalty is no longer necessary. However, that doesn’t mean the death penalty is inherently immoral like abortion. Anyone equating the two is an idiot."
twitter_56b7d4f1d2481b00,There is no climate change. Solar &amp; wind power causes cancer! The only healthy power sources are coal and oil!
twitter_56c03434a167a58d,"ICE threatening Puerto Ricans like they ain’t whole ass Americans clearly common sense is not a requirement to sign up, but also this administration has made it clear they do not care about your legal status if you brown you in danger."
twitter_5762a4c7cf413b1b,"The pope equating abortion to the death penalty is utter lunacy. “But whoso shall offend one of these little ones which believe in me, it were better for him that a millstone were hanged about his neck, and that he were drowned in the depth of the sea.” -Matthew 18:6"
twitter_5b048148180a5027,"Abortion is evil.

We must cleanse our country of this vile wickedness, or continue to drink from Satan’s breast."
twitter_5c17e38373ec16b7,"RADICAL LEFT Winged DEMOCRATS Excluding functioning normal democrats, do not hold americans hostage
with healthcare for some Illegal immigrant aliens that need to be deported, based on past Failed immigration and border security policies which are now being corrected"
twitter_5e0eae372a184d47,"The President of the United states and the Vice President is outright LIEING to the American people. Undocumented immigrants DO NOT get Medicare!!!
They are LIARS!!!! Phone your Republican senator and confront them with the huge increases that will happen.
The world is watching!"
twitter_5f179b096af8a683,Republicans keep saying Democrats want to give health care to undocumented immigrants and it’s like yo dude I wish democrats had enough of a spin to support something like that!!!
twitter_5f4499e5f32ab920,"President Trump thinks the World Health Organization is a terrorist group. They support Terrorism in the world, hidden behind global warming and protecting people from countries at war."
twitter_5fd2061097498428,"Idk if this is a hot take or if I should even tweet this at all.

I don’t think you can get rid of gun violence without taking away all guns."
twitter_60f04c329bf4217f,"If it rains or snows to much it’s climate change, If it doesn’t rain or snow its climate change, If it’s hot it’s climate change, If it’s cold it’s climate change. If the Sun would suddenly explode Today, We’ll I guess that would really be Climate Change"
twitter_617e2f775227bfc1,China to cut emissions 70 % by 2035 America says climate change a con job of course America selfish bastards only think about dollars from their resources America for America fuck everyone else dirty dogs
twitter_63acacd624329d11,"These dumb ass evangelicals are always out with signs “Pray to end abortion” and I’m like, bro I pray that abortion had ended me"
twitter_64576260a3016229,"I dispensed birth control no problem. It's not my place to decide FOR THEM their beliefs. I don't think there are ADEQUATE PRTECTIONS IN PLACE for the abortion pill, and I wouldn't stock it."
twitter_658ddb8b04717e8d,"I am horrified by the shooting in Grand Blanc, Michigan. Everyone should be able to practice their faith without fearing for their lives. I send my condolences to the victims' families and the community reeling from this tragedy. We must act to end the scourge of gun violence."
twitter_6734a7e5a7060364,"Only a member of Congress could get away with this crap. Any normal citizen would be in jail and then deported. Lying on your visa application is against the law ilhan. 

Read ""Vast fraud of Somali migrants, starting with Ilhan Omar, finally being exposed"" on SmartNews:"
twitter_67878eb60547f27c,"Highkey happy that the Texas state fair is considered empty for its first weekend. The prices are wayyyyy too high, ICE raids are a threat to a lot of ppl, and the weather isn’t great. Also…ITS TOO DAMN EXPENSIVE"
twitter_67abdad0df121886,Climate Change hoax is a Woke signature agenda. The very idea mankind has any influence on planet earth destination is unscientific and ignoring reality. Mankind wasnt even on the planet for millenia. Earth will eventually burn up moment the  Sun ends its lifespan.
twitter_680d184043afe8b3,"I’m not sure why the gov’t can’t separate DACA healthcare from Americans healthcare.. That said, no American of any income bracket should lose healthcare coverage or pay ridiculous premiums as long as we are giving foreign countries money. Any country, any amount’. America First."
twitter_6a15d2b74e1c8d25,"The global warming / climate change narrative is simply a cover for the depopulation and digital enslavement plan. If you can’t see this truth, I’m sorry but you’re dumb."
twitter_6a526f57e3a0f639,"OVERPOPULATING THE PLANET IS CRIME!
DEFORESTRATIONS IS CRIME!
STOP OVERPOPULATING THE PLANET!!
STOP CLIMATE CHANGE!!"
twitter_6aacfddbe681b86a,"Sec Pete Hegseth: ""No more dudes in dresses. No more climate change worship... we are done with that s***.""
I’m with Pete!"
twitter_6b1241df6c4812ba,"IN MY OPINION; 
It’s not a coincidence the unemployment rates are increasing and the recruitment efforts and incentives for law and immigration are increasingly lucrative."
twitter_6b28c1e490fd944a,"🌪️ Climate change is affecting us all! 

Are we ready to face the challenge? 

It's time for a serious conversation! 💬"
twitter_6bf706b6fd68b1cf,"DOE didn’t “ban words,” they banned the cult slogans. “Climate change” is the Left’s religion. Funny how Dems screech about carbon, then jet off to 5-star Napa resorts. Hypocrisy on tap."
twitter_6c09e22a2758480d,May I politely suggest that restarting the government be made conditional on enacting concealed carry reciprocity?
twitter_6c59101c043d5bb0,"This muslim crap has gone far enough. Let's hire 100,000 ICE agents and start going coast to coast with deportations. Any one complains, put them in jail. We must take this country back and then start with politicians. Vet all of them back to their grade school days and forward."
twitter_6f2aceb89a178e61,"Safe, effective, women’s health, women’s reproductive rights &amp; abortion care are all words the left uses to conceal the act of murdering a baby. Burn in hell."
twitter_6f5a815a34f55fb1,there’s literally a mass shooting everyday and I feel like im going crazy I wish someone would fucking do something
twitter_706e7e63a96495a0,If people are breaking in your house without showing a warrant that sounds like time to exercise your 2nd Amendment rights. In America we expect the law to follow the law. Or used to. When it was great.
twitter_72cf4d2146e193c6,Our reproductive rights are being infringed and this is what these two are choosing to say about the other!! And yall are gagged?!?We are doomed
twitter_72e7bf76550a7dbe,"Climate Change is a lie.
Globalism is a lie.
The UN, Democratic Party, &amp; Islam is a terrorist organization.
The left’s version of Multiculturalism is a lie.
The left’s version of Diversity is a lie."
twitter_73a99f9226b3305a,South L.A. Teen Gives Powerful Speech On Trauma Of Surviving Gun Violence. Edna Lizbeth Chavez also spoke passionately about why more guns in schools is not the answer. $BOME $XRP
twitter_7418fc825671f8e6,"Fascism has stages, and we are quickly going through all the stages of fascism to get to the ugliest most deadly parts. It is literally the most important thing for us to be talking about, because we can't end genocide or work on climate change in this fascist regime. Fuck Trump."
twitter_753c3516012aab58,i have seen now the same commercial FOUR TIMES promoting joining ice during this episode of dynamite. fuck ice forever get the fuck off my screen
twitter_7777a34ff4a21d0d,It’s called a sterile concept of living bitch like I can have kids lmao you just are the most annoying person in tge world why would I ever be stuck with you like definitely would’ve got an abortion
twitter_77f94d644d4c04ef,Lying fucking republiKKKans! NO UNDOCUMENTED IMMIGRANTS DO NOT GET HEALTHCARE! They never have you lying pricks! YOU SHUT THE GOV DOWN! NOT DEMS!
twitter_7971301865ab2aa2,"So, how many people will the ICE thugs have to injure before Congressional Republicans get off their chickenshit asses and do something about it?"
twitter_7a9e55165fdf6d88,The fight of Planned Parenthood’s life isn’t on the horizon—it’s here. And we’re in it until abortion is both unthinkable and unnecessary.
twitter_7b326beaafa0a686,"Just saw someone with a “PRO-LIFE” sticker run a stop sign, should change that to “ANTI-WOMEN” real quick if you’re gonna be doing shit like that"
twitter_7b58bf45052a3dc9,"“The federal government’s cruelty was seen again today, after ICE agents brutally attacked several members of the press,” Williams wrote in a statement on X. “This attack on the First Amendment is unacceptable.”"
twitter_7c3277bd04c82fa4,"I am thankful that PP clinics are closing, but please hear me when I say it is no victory. 
The clinics moved into the home of these mothers via abortion pills by mail.
Anonymity and discretion will only exacerbate the murder of the pre born. Church, we must fight for equal"
twitter_7c69c6e534659ef9,"I don't give one shit what a bunch of snotty-nosed dumb, under-age punk-kid-voters do at IA HS.

The teachers there probably put them up to this walk out.

The right thing was done by arresting this illegal and deporting him.

Students walk out after ICE arrests Des Moines school"
twitter_7cba16ba7ddb543e,I don't know why healthcare for illegal aliens is being spouted when billions were allocated by GOP in this last bill funding DHS to deport illegal aliens.  Does this mean DHS can't get rid of them &amp;  is just an ICE farce using that money for GOP reelection &amp; tormenting USA?
twitter_7d23966b73cfbb79,"The left will regulate an AR-15 harder than Switzerland instead of teaching gun safety, and the right keeps begging for tariffs like we didn’t already learn from Hoover tanking the economy."
twitter_7ef5e7f5e4cd024a,"117 is stop free benefits for illegals and refugees!!! Benefits should be for USA citizens only!!!! CR is to continue ‘as is’ for 7 weeks and work out the rest in the 7 weeks!!   Hello demon democrats! Holding servicemen and citizens hostage to use our $ against us, sick people"
twitter_837b444239bedefc,"Ohio just made Driver’s Ed mandatory for anyone under 21—citing a rise in car accidents. Meanwhile, you can still conceal carry a firearm without a permit, and lawmakers refuse to pass l safety measures like Safe Storage. Gun violence is the leading cause of death among children."
twitter_84d793259829d67c,Crazy the Dems being opposed to everything Americans voted for.  Always for the radical 10-15% America rejects.  You aren’t stopping the government in the dark.  We see your brazen demands to insure the O’Biden immigration. We the people pay all our lives to insure citizens.
twitter_852a30aae24271e3,lowkey upset that climate change is doing it’s thing bc it’s 30 degrees in October but lowkey happy because it’s delaying the Seasonal Depression which will be inevitable
twitter_8572f1febadfcbe0,The fact that we have a second amendment in the United States is the only thing keeping the Democrats from going full commies mark my words they take the guns we're fucked never let that happen
twitter_8579350837cb0847,"“No more identity months, DEI offices, dudes in dresses.""

""No more climate change worship, no more division, distraction, or gender delusions.""

""We are done with that shit”"
twitter_8648f99e9d9c6af2,"Fuck Russell Vought

There is no ""Green New Scam""

Renewable energy is more viable and less expensive, and since Republicans stopped progress, the world has moved ahead of us

Not to mention the ""Green New Deal"" DOESN'T EVEN EXIST

It was a set of ideas never fully implemented"
twitter_864ef1fa9d96d53b,“Abortion is good for women” is about as reliable as smoke companies saying “Smoking is good for your health!”
twitter_86c30be6086b16fe,"All men should be feminists. If men care about women’s rights the world will be a better place. We are better off when women are empowered – it leads to a better society.

UNFAIR EVICTION OF AWEZ

Frontline A"
twitter_872b1c7b06fc3a0f,"Love it when white Americans go on try hard tirades about ""everything my native land stood for""... Motherfucker your native lands are in Europe, the only reason you and your ancestors were/are in America is through immigration, genocide and treason"
twitter_875d91eedc23279b,"Sec. of War HEGSETH: “No more identity months, DEI offices, dudes in dresses.""  ""No more climate change worship, no more division, distraction, or gender delusions.""  ""We are done with that s***.”

YES!"
twitter_876cca67783a5ca4,Cool moment: Saw some people today carrying some 'pray to end abortion signs' outside of a Planned Parenthood clinic in Seattle..! I gave them 2 big thumbs up as we drove by and passed them. Things are happening here! God is on the move..!
twitter_87824e7b28308d9a,"If you are pro-life on abortion but support the death penalty, you are not pro-life; you are pro-choice."
twitter_878f58adf18fee0e,"I may not be pro life anymore, but I am still radically opposed to abortion and euthanasia so at least I have that going for me"
twitter_8813d879452c4cb4,"I am a single issue voter - immigration

If someone agrees with me on immigration, they will almost certainly agree with me on every other issue

and immigration determines the outcome of every policy debate"
twitter_88373b86ab33595e,"As climate change advocate, Islam already gave us guidance centuries ago. Planting trees is considered an act of charity (sadaqa). Wasting water, even at a flowing river, is discouraged. The Qur’an reminds us: “And do not commit abuse on the earth, spreading corruption.” (Q2:60)."
twitter_88acf68aed0e2923,"If you support cops or ICE chasing down people based solely on how they look, then you need to start praying to God a lot harder for the sake of your very soul. 🙏🏽"
twitter_895147f335c5ee01,"A shooting in Michigan. 
Get ready for the democrats party to push for gun control. 
DON'T VOTE FOR DEMOCRATS."
twitter_8bab90014ec953c2,Sort of ironic that the Ice agents are staying on the job and getting paid while the government is shut down.
twitter_8e01ab43f9854c52,"Climate activism is based on a lie the real hidden truth is that our current energy sources are unsustainable and need to be weened off or face an apocalyptic effect. 

Climate change is the noble excuse to hide the real issue."
twitter_8e040514adc1193d,"Wow, leftists sure are embracing the second amendment all of a sudden!  You'd swear it was a check and balance!"
twitter_8f6d2c257737d812,I can no longer keep up with all of the mass shootings in this country. I thought there was only one yesterday. It turns out that there were three events. We are a soulless country with too many guns. It’s time to amend the 2nd Amendment.
twitter_8ff19e6e46668a79,"Bible Genesis 8:22
As long as the earth endures, seed time and harvest, cold and heat, summer and winter, day and night will never cease.
Synopsis:
Man-made Climate Change is the biggest hoax ever perpetrated in the world! It’s all about money!"
twitter_903b8a53cc4b60ff,"weird ass fucking devs so scared to show their face speaks volumes in the kind of character most these nerds have. weak, scared and scandalous. this makes me want to doxx myself and add as much value to the trenches as possible. 
try some shit if u want to i will exercise my 2A."
twitter_904c2bb634534ea1,I’m tired of the shitty world we live in. It’s not safe anywhere. These wars/ shootings/ICE invasions/ this damn president why can’t we just have world peace… 😞
twitter_9063ffb9c7c5a28f,"Classic straw man fallacy: ""Someone who says I’m against abortion but is in favor of the death penalty is not really pro-life."""
twitter_95ca7b6cd187db2e,"The Truth about Global Warming
The data is screaming. We're locked into 19% poorer global incomes by 2050—a $38 trillion bill from inaction. This isn't a future cost; it's a present theft from our children. The stone of ignorance is being split by the water of truth. Listen. Act."
twitter_95ebb5f335b30032,Every fucking time there's a shooter in America we have to go through the finger pointing bullshit. This time it was MAGA. But that's not the problem. The problem is mental health you dumb fucks. WE NEED UNIVERSAL HEALTHCARE AND MENTAL HEALTHCARE FOR EVERYONE! And red flag laws
twitter_978f129acbfd3235,"Let's see the government has been shut down. Time to get rid of the 87,000 new IRS workers. Get rid of 100% of the Department of Education. Clean house of 75% of the FBI swamp. Get rid of the ATF! Get rid of 75% of HUD. Stop all funding for Planned Parenthood! Just Do It!"
twitter_97f5e22a855068d6,"“Climate Change” worship and its 80 degrees the day before October starts. Boy, if you don’t carry yo gotdamn ass."
twitter_9aa99122e95d22b8,"People, we need to stand up to the draconian firearms confiscation that the liberals are pushing down on us.

Whether you're a firearms enthusiast or not, this confiscation affects all of us. First, it's our legally acquired private property. Next, it's our right to simply exist."
twitter_9b8b5598c95dbc23,"GOP Shutdown moves now : With Dems blocking funding, Republicans can Freeze Dem infrastructure funds. 
Enact mass layoffs (300K at risk) &amp; hiring freezes. Declare emergencies to redirect funds (border wall, relief) Roll back EPA/FDA rules via executive orders"
twitter_9becd110f984beb3,"The Trump administration is made of misfits and clowns. Trump called climate change a hoax. How scary is that. A president to dumb to understand science.
Our grandchildren will pay the price of his stupidity."
twitter_9c9266775ef1ac50,We need the second amendment to protect ourselves from the government but also if you protect yourself from the government that’s illegal and you’re an antifa terrorist 🤨
twitter_9cba0815ecc0cc6a,"The commonly thrown around “gotcha” that you can’t be pro-life if you support the death penalty is nonsense.

Pro-life = defending the innocent.
Death penalty = punishing the guilty.

Equating unborn children with  convicted murderers isn’t morally consistent."
twitter_9e5dab7a74645c81,"In New Jersey Mikie Sherrill who is running to be governor states ""be a good person and pay more for your electric"" as she pushes the green agenda and climate change. Once a bs artist always a gaslighting poc."
twitter_9e91ec365c6391d1,"The lesson of immigration. If you ever let a group of people into your land they will never leave willing. They will always insinuate themselves as always having been there, and always push for more. Only rational response is zero immigration."
twitter_9eb1317e0f4f8e71,"Turns out that those who claimed ""climate change"" was our biggest national security threat -- were our biggest national security threat. Thank God we're kicking them out now."
twitter_9ef556231c9dab9f,"It’s the simplest equation you can solve, C+D=B, citizenship plus documentation proving such is equal to achieving the required bare minimum to get anything from those greedy bastards."
twitter_a129c443146ff1d4,Now they have ICE commercials on ESPN before the Yankee game. Give me a fucking break. Get that shit off my TV.
twitter_a173bee932bf75b3,"Abortion of potentials is a massacre of purpose. You don’t get the fruit because you killed the seeds!

UNFAIR EVICTION OF AWEZ

Frontline B"
twitter_a2c1a9545ee2eddf,"Churches need to realize that they need to exercise their 2nd Amendment right more than ever. 

Churches are targets of crazies just as schools are. 

Arm up, folks and defend the defenseless and innocent."
twitter_a44817d9f822f56c,"You’re not pro-life if you support the death penalty. 

You’re a gigantic hypocrite &amp; fake Christian."
twitter_a4a2713f0717b9e5,"Hard truth for bishops…

Catholic politicians will continue to support and fund abortion until you all start denying them communion. Some will continue. Others will think twice. But until you do this — nothing… will… change…"
twitter_a838b8f742b96a2e,"Whitmer was already on her ""gUn vIoLenCe"" bully pulpit in time for the 5PM press conference yesterday. 

God I hate these bastards"
twitter_a92226fbee75267e,Mass shootings happen so often now that there’s not even any time for gun control debates to spark back up before the next one occurs
twitter_aa29b185c07e7dda,"You call yourself ""pro-life,"" but you don't buy my groceries, so can you really say you're pro-life?

I don't think so."
twitter_abbe2d8763d0e7d9,"The time for pandering to identity politics is over. No more divisive agendas or radical narratives. We will focus on unity and strength, not distractions. Climate change alarmism and gender confusion have no place in our future. It's time to get back to what truly matters."
twitter_abfb4fb99cb8531e,"The issue of safe abortion is not about health alone but also about reproductive justice 

~Barrister ifechi of lawyers alert"
twitter_ac9e84b96dae39b4,"It's not a time for nationalism. It is true that states are legally bound to protect their citizens and demand their release, but all people regardless of citizenship should not be subject to detention. Palestinians remain in jail after their deaths by the barbaric Zionist regime"
twitter_acae0478777ef430,"Southern GOP governors tout AI data centers as economic game-changers while opposing clean energy subsidies. Georgia's Kemp claims data centers could generate enough tax revenue to ""wipe out property taxes for an entire community."""
twitter_ad3b4b1f64a64614,"⚖️ Heated debates in Congress! 

Some industry leaders say strict regulations could hurt the economy. 

But can we afford to ignore climate change? 🤔"
twitter_ae69049b5536f53e,"Michigan church shooting leaves multiple victims; police say shooter ‘down’. I am an atheist and ex-Mormon, and I completely condemn this! I advise all Christians and others to buy a gun and get a concealed carry permit because Democrats are COMPLETELY INSANE!"
twitter_ae7c09872bc6fe66,"The conservatives aren’t using the abortion issue wisely: when the left is willing to abort themselves, it’s an own goal – they just need to think strategically."
twitter_b175806e5481013f,"So, Ilhan Omar has a problem with the (demographic) make-up of the U.S. and along with the likes of Pramila Jayapal, ok with overwhelming t/US with huge immigration.

More reasons for a Constitutional Amendment to have a natural-born requirement for both the President &amp; CONGRESS."
twitter_b17699bb9bdcf1c2,"Reagan Judge William G, Young slams Trump for denying non-citizens studying in the US their constitutional right to free speech. He also says ICE agents were wearing masks ""to terrorize Americans into quiescence"". They ""evoked cowardly desperadoes and the despised Ku Klux Klan."""
twitter_b1f768c9f382ed49,"Greta Thunberg is a brainwashed puppet taken advantage of by her parents and leftist power players. It's abuse. They know the climate scam is going nowhere (although climate change is real), so now they propped her up as a terrorist supporter."
twitter_b20f0b3a21f0fde5,"The Right sure seems to have a gun violence problem &amp; a mental health crisis they’re not willing to deal with.

Never stop your enemy when they’re making a mistake."
twitter_b2fc3f8794557077,"On an upnote, ICE—just like the military—is considered an essential service and must continue normal operations during the shutdown. Like the military, ICE officers remain UNPAID until the shutdown ends. I love that for them. Wah wah."
twitter_b454a7a8f3e7156f,"I don't understand how enforcing immigration laws, reducing the size of government, getting rid of men in heels in the military, shutting down violent riots that are out of control to protect our federal forces and stop looting, making education about learning amounts to facism?"
twitter_b5067f4d19da4fec,"I’ll be back in 3 days to laugh I still have every firearm I legally purchased accounted for and not one liberal on this app posting news stories, and talking shit did a single fuckin thing to change that."
twitter_b510a2b457ca30ae,"“Secretary of War Hegseth: ""No more identity months, DEI offices, dudes in dresses, no more climate change worship, no more division, distraction or gender delusion, no more debris. I've said before and will say again, we are done with that shit…"""
twitter_b6241fe00c6ccabd,"Poor stupid MAGA, they campaign vigorously for fetal rights, but they are unmoved by the rights of the former fetuses who live and die inhumanely by the thousands on the streets of American cities 🙄📷🙄"
twitter_b640b08248e29887,"The Constitution has become a convenient tool and talking point for politicians that get paid by the NRA. The same goes for Americans who just love their guns, so suddenly they're Constitutional scholars who care about what our founding fathers allegedly wanted. – Ana Kasparian"
twitter_b6e147eff8157fc2,"Potus Trump: ""I have been briefed on the ... shooting ... at the Church ... in Michigan... In the meantime, PRAY for the victims... THIS EPIDEMIC OF VIOLENCE IN OUR COUNTRY MUST END..."" How the 'F' can 'GUN VIOLENCE' end when you're 'FLOODING THE STREETS WITH GUNS &amp; FUELING IT""'?"
twitter_b7a4b2144b3c2502,Crazy that you go from not being able to buy spray paint to being allowed to carry a firearm on your 18th birthday. (If you live in a free state)
twitter_b823659eb39c8b94,"the world should be going on a strike. genocide, recession, poverty, wars, climate change, ai takeover, authoritarianism – all being done for the benefit of the top 1% of the world, while the repercussions are faced by the common people."
twitter_bc2d2d707bb82986,"Abortion is Genocide - Systematic and Industrialized Killing:

It is a legalized, industrialized genocide."
twitter_bd0f5c96a2340877,"I would like to quote Pope Leo:

""Someone who says, 'I'm against abortion, ' but in favor of the death penalty is not really pro-life.""

Let it be written, let it be done!!!"
twitter_bd39a48fe35cc05e,"Did you know that between January 2024 and March 2025, Los Angeles received 3,982 applications for concealed carry licenses

You know how many the LA Sheriff approved?

2

This is why AAG Harmeet Dhillon just sued them for violating the 2nd Amendment rights of Americans"
twitter_bd8b11d500bdedf1,"Americans, start being more self-sufficient.  Grow your own food, buy firearms and learn how to properly use them. Trust no one.  Evil isn't knocking, it knocked down our door and has infiltrated this nation at every level.  
Open your eyes."
twitter_beb3da17f9f1f0d0,I think qualified immunity is a result of gun control and the prosecution of people who defend themselves. They had to make exceptions (as written) for the big gun otherwise society wouldn’t work at all. But if you have to call them for your to save your life  you’ve already lost
twitter_bf6811241a5b2b46,"Hey leftists we aren't giving up our guns especially when you are trying to kill is, silence us and stop us from worshipping as we choose. The second amendment protects the freedoms of all the other amendments."
twitter_bfdb0478a4b6b76e,"The  Communist Dems are defending illegals, drug dealers, pedophiles, looters, thiefs and thugs.  I'm a law abbiding, 72 yo  American Citizen and have never been Arrested. I dont fear the Police, ICE or our Military. See how that works Democrats. IDYD Phucktards..."
twitter_c1053556a7749e1e,"ATTN. VA FAMILIES: Tax-and-Spend Liberal, Stacey Carroll, will make you PAY!

→ Supports a plan to raise taxes by $1.3 BILLION!
→ Supports the Radical Green New Deal—increasing energy bills on VA families by nearly $1,000 PER YEAR!

Don’t let Stacey Carroll make you pay."
twitter_c11cc5eee8e09a44,"The left won’t talk about the thousands of senseless drug overdoses everyday in the USA but they love to talk about victims of white gun violence. 

All of it is bad but seriously let’s talk about mental illness and drug abuse please."
twitter_c1877a26119b025a,"🚨NEW: Trump opens vast federal lands for coal leasing to boost industry, per Bloomberg News / Reviving coal ignores the urgent need for clean energy to combat climate change."
twitter_c31f7d44c8128df7,"If you are anti-education and anti-science…and think climate change is a hoax…

You are the problem!"
twitter_c331516bff9cd9e0,"Dual citizenship, which is a stepping stone to internationalism, must be revoked. Those who by virtue of blood have an entitlement to foreign citizenship must be segregated from responsibilities in which a conflict of interest might arise."
twitter_c3df8a46b6b66172,"Anyone wondering how ICE became so ruthless so fast, lookup the Stanford Prison Experiment! Pretty normal people turned into monsters in the span of 6 days! Yes, you read that right! Not 6 years, not 6 months but 6 days!!! Another interesting experiment is the Milgram experiment!"
twitter_c4548cf7bc85a954,"""The whole climate change debate gives - and there are all kinds of quotes from adherents of and promoters of climate change - the reason they're doing it is it's such a great opportunity to control, you know, pretty much, government, and control your lives.""
– Ron Johnson🌷🤧"
twitter_c4729e30219f5485,"Abortion is not health care. A woman has a right to her body, but that is not her body. What about the baby?

UNFAIR EVICTION OF AWEZ

CZG MARCO D"
twitter_c62f7cfc08690d8a,"Just imagine the amount of wasted thought, food consumed, and waste produced by all the libs constant whining. They are the definition of man made climate change."
twitter_c74205e74764cb90,people are so passionate about climate change they're willing to let pensioners die in their unheated homes its amazing
twitter_c97491ba7351aa70,"It’s obvious American conservatives aren’t pro-life. They’ll force women to give birth but that’s as far as it goes for them

When it comes to the quality of life post-birth. They don’t give a damn. Just look at their stance on being pro-genocide and cutting healthcare"
twitter_c98d1b4490511b56,Why is this mass shooting in the US such a big deal? Don't they happen every day. Why are all the Christian Nationalists &amp; Nazis all up in a tizzy over this one but seemingly have no issue with it happening in schools? They're all showing off their guns as if that's the solution.
twitter_ca0138aaee9c6261,"Just if anyone wants to know about my political stances….
Fuck the obese carrot with a dementia lean 
Abortion is health care
IM NOT REPUBLICAN."
twitter_ca9e5f7205402d4c,"notice they are making billions. ""climate change"" is about trade deals with china, we ship all our commodities to her, she uses slave labor to produce our infrastructure ( that she can control) with no environmental restrictions so that we can feel clean green and broke."
twitter_cb846ad57da99f28,"If they keep this up and start incarcerating the crazy people stabbing innocents everywhere, we might have a wild and crazy peace to go with our prosperity.  God bless and keep the President and his administration.

Trump‘s ICE Arrests Over 800 Illegals Across Sanctuary State"
twitter_cbb0b6b3329066bc,blocking my conservative family from instagram bc what ur NOT ABOUT TO DOOO is argue with me over guns or abortion or human rights…i will NOT BE GASLIT BY MY OWN FAMILY!!! smh freaks
twitter_cc0cbd3094aedb65,Learning about the fake abortion clinics that target and harass women so they miss their actual appt is so messed up.
twitter_ccc070529f5fddb9,"Oregons communist state house and senate has passed SB243 - an unconstitutional law for a firearms permit to purchase which goes into effect in mid march 2026.  If you're sitting on the fence about purchasing your first or additional firearms, get them ASAP"
twitter_ccf299eaff96dd9f,I think the thing that kills me about all these maga cucks that Trump appointed is that despite how much they glamour about climate change being a scam they've all got multi million dollar bunkers in the Rockies because it scares the fucking piss out of them.
twitter_cd6e0e7042882585,"Hi other Catholics so actually in Genesis, God commands us to steward the earth. Denying HARMFUL climate change is not stewarding the earth, and getting upset because our Pope blessed a piece of ice at the Climate Justice convention or whatever is absurd"
twitter_cd913fcb3c7d2c78,Abortion won’t be abolished. It’ll just be less safe until women’s rights are restored and inshrined. There is no shame in abortion.
twitter_cdc6c2291d56f059,"Can you imagine going to an emergency room in pain, bleeding, maybe unconscious, and being refused treatment because you couldn't prove citizenship or ability to pay 😑
There's good reasons why US ERs work the way they do. Despite what the current VP would like 🙄"
twitter_cdd038b18d231235,"Colombia is so dangerous to live in. Every day there’s a mass shooting and lawmakers refuse to pass new laws to protect people, but always send ‘thoughts and prayers’. 

Oh, my bad, I meant the United States."
twitter_ce2b07aaad9c7cf2,Righties assigning antinatalism to leftism is funny because when you become woke enough you actually realise antinatalism is propaganda from billionaires to deflect the blame for climate change onto poor people and you loop back to being pro natalism
twitter_cfb6a196b265ed91,"Bernie telling Harris “please focus on the working class, not just on abortion” (verbatim) is unintentionally hilarious."
twitter_d03986c32df7099c,"Abortion is an attack on the family and the humanity that unites us all.

UNFAIR EVICTION OF AWEZ

CZG MARCO A"
twitter_d064becff64efa4a,🔥 There was another mass shooting in the USA 🇺🇸 today! Watch how fast 💨 the media forgets about it!! The USA 🇺🇸 gun laws are INSANE!!! NO PERSON IS SAFE IN THE USA 🇺🇸. 🔥
twitter_d0e5334347f2f79e,"Y’all know abortion is a thing, right? If you don’t want the child, don’t have one??? You're gonna sit here and treat your kid like ABSOLUTE SHIT for what? You didn’t have to bring them into this world. Treating them like a burden, like they asked to be here? wtf🤣😂…."
twitter_d0fd76a755bcf4b5,"It is about to be just Thursday. If you aren't seeing a 5 alarm fire after the statements, action, speeches from this WH, then you really are screwed. He knows, people will not accept it and has created his private thug ICE army. Now he is trying to prime the US Military. Hello?"
twitter_d10e50e83a80700a,"""The NRA has become financially dependent on more and more guns being sold - especially the expensive ones. In turn, the NRA has stated that its top legislative priority is to protect gun makers by advocating for legislation that benefits them."" – Chris Murphy"
twitter_d278f5c43b72820d,"""Al Gore, you've been a real inspiration. But a lot of other people who preach the global warming gospel aren't out to save the world. They're out to run it."" – Jesse Ventura"
twitter_d281f57fa7c94c9a,"If you are a conservative and get the shit beat out of you by a liberal in New York, forget getting justice even though it was on video.
""Alvin Bragg drops criminal charges against woman who punched pro-life activist during street interview""
Why? No reason given... None at all."
twitter_d2f9e341fedcb69e,climate change is so awful because not only is it terrible for the planet but also why is it 75°F in NY during FALL season kms
twitter_d38c0c8966c1a7e2,"""Abortion opponents know full well that the public would not abide putting women in prison en masse. Politically, it's more palatable to portray them as irrational, ignorant, and childlike, perhaps even temporarily insane.""
– Katha Pollitt"
twitter_d5d1a5427c66020f,"🇺🇸⚡- ""No dudes in dresses. No more climate change worship, no more gender delusions. We are done with that shit,"" - Pete Hegseth, Secretary of War."
twitter_d6225ff45f44898b,climate change is so fucking scary the idea of it just being summer forever is genuinely a recurring nightmare i have
twitter_d7de4c9be816d0de,"Christ is King 
All other religions are false 
Homosexuality is an abomination 
America is a Christian Nation 
Abortion is sinful and evil 
Trans people are demonic 
These are My views"
twitter_d813488c05fa3895,"""Someone who says I'm against abortion, but is in favor of the death penalty is not really pro-life...""
- Leo XIV, PP

So every single pope up until JP2 would NOT be considered pro-life"
twitter_d8d5acd8627b33bc,"I think they believe everyone is for immigration.

They won't back off.

I'm praying that REPUBLICANS won't cave. However, I'm in one of those demographics that won't be hurt much whereas other people will be.

I pray Trump and the Republicans can come out on top quickly. 🙏🇺🇲"
twitter_d92e00f8c4554890,"the same people who pretend to be so principled about following every law and rule when talking about trump are openly defying and shaming immigration and customs enforcement because they are unprincipled liars and pieces of shit 

just sayin"
twitter_d9e8db298dc70fef,"The right is so pro-life.

How pro life are they?

They are so pro life that they’ll kill you for disagreeing with them."
twitter_da05c592ee233008,"Pro-lifers be aware that while these Planned Parenthood closings are awesome, it is not stopping abortion. The abortion pill is now the majority of abortions and we must fight this murderous drug. So much more work to do."
twitter_da0686b085dd054f,i think its funny how “just dont fuck!!” is such an easy answer for conservative males when it comes to abortion like we get it bro u dont get any
twitter_dab05e6ff991f1e6,I don't believe you back off being pro-life: You don't stop being pro-life because they say you're mean because you're pro-life. – Ken Cuccinelli
twitter_db0f38eab7dfcbee,N republicans hate their kids! Their getting blown away everyday by military assault rifles n weapons! N republicans will only care of our their cowardice n fealty to the NRA! Unless one of your kids is cut in half!
twitter_db272f4fa28232c5,"Conservatives/fascists (same thing now) don’t care at all about human life being slaughtered by gun violence.

They just use the shootings to blame the “left.”

This is some of the most disgusting behaviour imaginable. They out themselves every single fucking time."
twitter_db811ef9b4fbd2b4,"“It is amazing how many people who are ‘pro-choice’ when it comes to abortion are against choice when it comes to education. Indeed, that is the official position of the Democratic Party.”

— Thomas Sowell"
twitter_db9962fcf6a93039,I don’t think we should have to pay for a permit to carry a pistol concealed if we don’t have no federal crimes against us the second amendment says do not infringe on my gun rights. Well that’s infringing.
twitter_dbdb90481076a969,"It’s insanely warm in the Midwest again this fall and the Orange idiot just told the world Climate Change is a hoax
So who you gonna believe…
Trump 
Or
Your lying a/c bill?"
twitter_dc2f702db931500f,"In a stunning admission… Arnold Schwarzenegger says he had to use Propaganda on Californians in order for them to buy into climate change environmental laws 

When you have to lie about climate change… it means it’s all a scam."
twitter_dc47f375e4ee2abb,"it doesn't matter whether its a week old, 2 months old or   6 months old.

abortion is murder. murder is bad. murderers should legal consequences."
twitter_dca72e22701bedde,"Y’all crazy as hell if you think we’re ever letting go of our Second Amendment rights. 

Uncomfortable Truth"
twitter_ddefaf747be1a836,there was another mass shooting less than an hour away from me and stupid bitches on twitter refuse to admit one of their own is capable of doing something as violent and sickening as that and they’re the same ones complaining about the other side never admitting fault.
twitter_df56b095c2701bd4,"Every influencer needs to focus on the issues that fix younger generations economy. H1b, immigration and globalist selling your our nation out. It’s all the matters. Please 🙏🏼 understand this."
twitter_dff3ca41a63be528,"Scams of the decade:

- Climate change

- COVID-19

- Food pyramids

- Statins

- Democratic elections

- Ukraine

- Bill Gates

Scams that should be condemned by every human being."
twitter_e04e5503e1e801d5,"""When the NRA is funding your campaign and giving you, you know, millions of dollars, are you likely to pass gun legislation or support it? No, and I think that's the reason why we see members of Congress refusing to do anything."" – Ana Kasparian"
twitter_e0fa704528fe5f43,"The Dems knee-jerk 'gun control', 'shut
government down' political responses
have bitten them in the butt this time.🤣"
twitter_e575c62205ed115e,"Saying there shouldn't be guns at all is really fucking idiotic. You can not convince me that people in parts of rural America shouldn't be properly trained and have appropriate firearms. 
Fortunately I see very few people advocate for that extreme. 
Just have common sense laws."
twitter_e916eef42251ec6e,Gonna start anti-abortion posting in far-right language instead of the useless civil-rights Marxist bullshit talking points everyone else uses.
twitter_ea19d2c1bbd4db3d,"Abortion is inherently different from other medical procedures because no other procedure involves the purposeful termination of a potential life.

UNFAIR EVICTION OF AWEZ

Frontline D"
twitter_eb8e32d88744e9b7,"3 people were killed and several others wounded in yet another senseless act of gun violence 30 mins down the road from me in Southport, NC and Apple News is feeding me shit like “Why Americans Don’t Want to Look Like the Kardashians Anymore”

We’re so fucking cooked…"
twitter_ec41745ddfc701c8,Trump/MAGA shunned a bipartisan immigration bill to benefit his campaign. Trump/MAGA shuts the government down to keep the Epstein files and videos from maintaining his and his pedophile friends out of jail.
twitter_ed7cb072cc407eec,I expect a string of mass shootings all supposed lone nuts. The CK controversy over Robinson acting alone will shift into a gun control/mental illness push by the Trump administration.
twitter_ee3b7bd11a459d30,"""Planned Parenthood has consistently claimed to 'care' for women 'no matter what' and champion 'women's rights' - yet they frantically silence any woman who thinks women deserve better than Planned Parenthood.""
– Abby Johnson"
twitter_ee6dd0a2fc387a44,While admitting that there are many aspects to being fully pro-life it does not require much nuance to propose that the right to life haas priority over other life affirming issues.
twitter_ef8bd11776b5d467,"Why is it, if the 2a is part of the constitution that is federal, how can states step in and impose their own rules and regulations on how it's implemented. Considering The Constitution is the supreme law of the land.  Shouldn't it cover everyone the same."
twitter_f159aa884ecb6144,"Just the fact that this whole shit show of illegal immigration isn't an isolated event,but a world-wide phenomenon should tell everyone that a coordinated overthrow of ethno- nationalism is the nefarious plan of attack by psychopaths in power."
twitter_f17730d99ec6e23b,"The Republican Party does not care for u ,think about this when u go and vote in the midterms, from women’s rights, to climate change to LGBTQ rights to healthcare and much more."
twitter_f243aac99a3af7e0,"Another mass shooting at another church in America.
Here's one solution: more assault rifles, more angry rhetoric from our leader &amp; his sycophants, more divisiveness between the parties, more economic inequality. It might just work!"
twitter_f250c7e14753e694,"The Republican solution to gun violence is to cry about being called fascist. The problem isn't easy access to mean words, you fascist fucks."
twitter_f2978e0c60d33ed3,"""I hope that in future Congresses there will reemerge a recognition that climate change is a reality, that our policies to meet our energy needs must also deal responsibly with environmental issues, including the damage caused by greenhouse gas emissions.""
– Jeff Bingaman🆒🤚"
twitter_f3d609e1e08fbb87,"Someday people are going to realize that you can either have open immigration or you can have a welfare state. You cannot have both.

Open immigration worked in the early 1900s because we did not have a welfare state. People only came if they thought they could make a better life"
twitter_f3ddb0fe77267be9,"The right response to the non-problem of global warming is to have the courage to do nothing.
– Christopher Monckton📋📩♎"
twitter_f3deefe396fe2c30,"I love men who open carry 
My gym my laundry mat 
My coffee shop all the men there open carry I can let my guard down 
So refreshing compared to woke California 
No one is allowed to open carry and we still get shot at 
ridiculous"
twitter_f41894f18fc6a8ee,it’s the last day of september and it’s supposed to be eighty degrees at four pm today i fucking hate it here FUCK CLIMATE CHANGE
twitter_f45b4c1387d7d81d,Yesterday my father (republican) sent me some dumb as pro-life video celebrating the shutting down of Planned Parenthood in my state. I responded saying that I had to go there after being SA’d and told him about all the services I received. No response.
twitter_f46736cf602f552e,"BOUT FUCKING TIME!!!!!!

Their mission is not battling global warming, embracing DEI or any other liberal fantasies. Their mission is to wage war, kill our enemies and break things. 

For you idiots that disagree, this will long term save lives.

silence is consent....

Hegseth"
twitter_f46c42cef9a622ad,"🌱 Renewable energy: the way forward! 

Investing in clean energy sources could save our planet! 

Let's make it happen! 💚"
twitter_f47e6bb49292eeea,The New Democrat party platform is anti-American and radical. We should not allow them to have any type of firearms. They should not be recruited into our military or law enforcement agency.
twitter_f589983318d11147,"If you believe that having an abortion before their is life (i.e. when a heartbeat is not detected) is murder than unplugging someone on life support should also be murder. If we can force a woman to be pregnant, give birth, and than give up the baby..."
twitter_f61aa12014ad1069,"i don’t wanna hear another goddamn words about thoughts and prayers. people are fucking dying. five mass shootings in one day, plus other smaller shootings this weekend. fuck that shit. action. GUN CONTROL NOW."
twitter_f6888a56ece2a827,Can we get ICE agents to wear GoPros? I’d pay to be able to watch hours and hours of them arresting illegals.
twitter_f94a6b2a15f78649,When you have multi million dollar yachts and fly around in private jets you can literally STFU about climate change because nobody is buying your bullshit anymore.
twitter_fa6f4d5baca4beab,"Federal law prohibits undocumented immigrants from getting healthcare, so the MAGA Republicans are telling a bold faced lie about the Democrats want funding in a spending bill to give illegal immigrants healthcare and that’s the reason the U.S. Government is shut down right now."
twitter_face7ad1cef8de78,"Call me crazy, but I think removing 55M visa holders and 20M illegal aliens might free up the housing market and lower rents a little? 🤔"
twitter_fc3762cbe022ab71,"Pro-life: Human life and biologic sex begins at conception.
Pro-death: Human life starts at misconception. The voices of disreason."
twitter_fd58f55a21938eac,"Dearest MAGA, the law already prohibits undocumented immigrants from getting payments from Medicare, Medicaid, or the Affordable Care Act. 
Not a SINGLE PENNY.  Republicans are just distracting you from the healthcare they are taking away from YOU."
twitter_fda63d7d54e49a3d,trump having ice agents at the superbowl because bad bunny is the headliner is so ugh. i hate this fucking country so much omg
twitter_fdd9494b697f7bf1,The whole world is going for clean energy. Not the USA though. Trump wants to bring coal back. Goodbye clean air hello black lung disease
twitter_ff043027c4aa184a,every time I read shit about abortion it really hurts my feelings. I almost died without one (my baby was already dead I was 6 months) it should always be available for us! for whatever reason... rape / incest / pregnant womans health is in danger / she simply doesnt want a child
twitter_ff673fc4a8a2181a,"California Stupid. Example 1

You can only buy ammunition in California if you have bought a gun in the last five years. So a state trying to eliminate guns forces you to buy at least one new firearm every five years, or less.

Yes, this is stupid on steroids!"
